old_name,new_name
北海道厚田郡厚田村,北海道石狩市
北海道浜益郡浜益村,北海道石狩市
北海道上磯郡上磯町,北海道北斗市
北海道亀田郡大野町,北海道北斗市
北海道亀田郡戸井町,北海道函館市
北海道亀田郡恵山町,北海道函館市
北海道亀田郡椴法華村,北海道函館市
北海道茅部郡南茅部町,北海道函館市
北海道茅部郡砂原町,北海道茅部郡森町
北海道山越郡八雲町,北海道二海郡八雲町
北海道爾志郡熊石町,北海道二海郡八雲町
北海道久遠郡大成町,北海道久遠郡せたな町
北海道瀬棚郡瀬棚町,北海道久遠郡せたな町
北海道瀬棚郡北檜山町,北海道久遠郡せたな町
北海道空知郡北村,北海道岩見沢市
北海道空知郡栗沢町,北海道岩見沢市
北海道上川郡朝日町,北海道士別市
北海道上川郡風連町,北海道名寄市
北海道枝幸郡歌登町,北海道枝幸郡枝幸町
北海道網走郡東藻琴村,北海道網走郡大空町
北海道網走郡女満別町,北海道網走郡大空町
北海道常呂郡端野町,北海道北見市
北海道常呂郡留辺蕊町,北海道北見市
北海道常呂郡常呂町,北海道北見市
北海道紋別郡生田原町,北海道紋別郡遠軽町
北海道紋別郡丸瀬布町,北海道紋別郡遠軽町
北海道紋別郡白滝村,北海道紋別郡遠軽町
北海道紋別郡上湧別町,北海道紋別郡湧別町
北海道虻田郡虻田町,北海道虻田郡洞爺湖町
北海道虻田郡洞爺村,北海道虻田郡洞爺湖町
北海道有珠郡大滝村,北海道伊達市
北海道勇払郡早来町,北海道勇払郡安平町
北海道勇払郡追分町,北海道勇払郡安平町
北海道勇払郡鵡川町,北海道勇払郡むかわ町
北海道勇払郡穂別町,北海道勇払郡むかわ町
北海道沙流郡門別町,北海道沙流郡日高町
北海道静内郡静内町,北海道日高郡新ひだか町
北海道三石郡三石町,北海道日高郡新ひだか町
北海道広尾郡忠類村,北海道中川郡幕別町
北海道阿寒郡阿寒町,北海道釧路市
北海道白糠郡音別町,北海道釧路市
青森県東津軽郡蟹田町,青森県東津軽郡外ケ浜町
青森県東津軽郡平舘村,青森県東津軽郡外ケ浜町
青森県東津軽郡三厩村,青森県東津軽郡外ケ浜町
青森県西津軽郡木造町,青森県つがる市
青森県西津軽郡森田村,青森県つがる市
青森県西津軽郡岩崎村,青森県西津軽郡深浦町
青森県西津軽郡柏村,青森県つがる市
青森県西津軽郡稲垣村,青森県つがる市
青森県西津軽郡車力村,青森県つがる市
青森県中津軽郡岩木町,青森県弘前市
青森県中津軽郡相馬村,青森県弘前市
青森県南津軽郡尾上町,青森県平川市
青森県南津軽郡浪岡町,青森県青森市
青森県南津軽郡平賀町,青森県平川市
青森県南津軽郡常盤村,青森県南津軽郡藤崎町
青森県南津軽郡碇ケ関村,青森県平川市
青森県北津軽郡金木町,青森県五所川原市
青森県北津軽郡中里町,青森県北津軽郡中泊町
青森県北津軽郡市浦村,青森県五所川原市
青森県北津軽郡小泊村,青森県北津軽郡中泊町
青森県上北郡百石町,青森県上北郡おいらせ町
青森県上北郡十和田湖町,青森県十和田市
青森県上北郡上北町,青森県上北郡東北町
青森県上北郡天間林村,青森県上北郡七戸町
青森県上北郡下田町,青森県上北郡おいらせ町
青森県下北郡川内町,青森県むつ市
青森県下北郡大畑町,青森県むつ市
青森県下北郡脇野沢村,青森県むつ市
青森県三戸郡名川町,青森県三戸郡南部町
青森県三戸郡福地村,青森県三戸郡南部町
青森県三戸郡南郷村,青森県八戸市
青森県三戸郡倉石村,青森県三戸郡五戸町
岩手県水沢市,岩手県奥州市
岩手県江刺市,岩手県奥州市
岩手県岩手郡安代町,岩手県八幡平市
岩手県岩手郡西根町,岩手県八幡平市
岩手県岩手郡滝沢村,岩手県滝沢市
岩手県岩手郡松尾村,岩手県八幡平市
岩手県岩手郡玉山村,岩手県盛岡市
岩手県稗貫郡大迫町,岩手県花巻市
岩手県稗貫郡石鳥谷町,岩手県花巻市
岩手県和賀郡東和町,岩手県花巻市
岩手県和賀郡湯田町,岩手県和賀郡西和賀町
岩手県和賀郡沢内村,岩手県和賀郡西和賀町
岩手県胆沢郡前沢町,岩手県奥州市
岩手県胆沢郡胆沢町,岩手県奥州市
岩手県胆沢郡衣川村,岩手県奥州市
岩手県西磐井郡花泉町,岩手県一関市
岩手県東磐井郡大東町,岩手県一関市
岩手県東磐井郡藤沢町,岩手県一関市
岩手県東磐井郡千厩町,岩手県一関市
岩手県東磐井郡東山町,岩手県一関市
岩手県東磐井郡室根村,岩手県一関市
岩手県東磐井郡川崎村,岩手県一関市
岩手県気仙郡三陸町,岩手県大船渡市
岩手県上閉伊郡宮守村,岩手県遠野市
岩手県下閉伊郡田老町,岩手県宮古市
岩手県下閉伊郡新里村,岩手県宮古市
岩手県下閉伊郡川井村,岩手県宮古市
岩手県九戸郡種市町,岩手県九戸郡洋野町
岩手県九戸郡山形村,岩手県久慈市
岩手県九戸郡大野村,岩手県九戸郡洋野町
岩手県二戸郡浄法寺町,岩手県二戸市
宮城県古川市,宮城県大崎市
宮城県加美郡中新田町,宮城県加美郡加美町
宮城県加美郡小野田町,宮城県加美郡加美町
宮城県加美郡宮崎町,宮城県加美郡加美町
宮城県志田郡松山町,宮城県大崎市
宮城県志田郡三本木町,宮城県大崎市
宮城県志田郡鹿島台町,宮城県大崎市
宮城県玉造郡岩出山町,宮城県大崎市
宮城県玉造郡鳴子町,宮城県大崎市
宮城県遠田郡田尻町,宮城県大崎市
宮城県遠田郡小牛田町,宮城県美里町
宮城県遠田郡南郷町,宮城県美里町
宮城県栗原郡築館町,宮城県栗原市
宮城県栗原郡若柳町,宮城県栗原市
宮城県栗原郡栗駒町,宮城県栗原市
宮城県栗原郡高清水町,宮城県栗原市
宮城県栗原郡一迫町,宮城県栗原市
宮城県栗原郡瀬峰町,宮城県栗原市
宮城県栗原郡鶯沢町,宮城県栗原市
宮城県栗原郡金成町,宮城県栗原市
宮城県栗原郡志波姫町,宮城県栗原市
宮城県栗原郡花山村,宮城県栗原市
宮城県登米郡迫町,宮城県登米市
宮城県登米郡登米町,宮城県登米市
宮城県登米郡東和町,宮城県登米市
宮城県登米郡中田町,宮城県登米市
宮城県登米郡豊里町,宮城県登米市
宮城県登米郡米山町,宮城県登米市
宮城県登米郡石越町,宮城県登米市
宮城県登米郡南方町,宮城県登米市
宮城県桃生郡河北町,宮城県石巻市
宮城県桃生郡矢本町,宮城県東松島市
宮城県桃生郡雄勝町,宮城県石巻市
宮城県桃生郡河南町,宮城県石巻市
宮城県桃生郡桃生町,宮城県石巻市
宮城県桃生郡鳴瀬町,宮城県東松島市
宮城県桃生郡北上町,宮城県石巻市
宮城県牡鹿郡牡鹿町,宮城県石巻市
宮城県本吉郡志津川町,宮城県本吉郡南三陸町
宮城県本吉郡津山町,宮城県登米市
宮城県本吉郡本吉町,宮城県気仙沼市
宮城県本吉郡唐桑町,宮城県気仙沼市
宮城県本吉郡歌津町,宮城県本吉郡南三陸町
秋田県本荘市,秋田県由利本荘市
秋田県大曲市,秋田県大仙市
秋田県北秋田郡鷹巣町,秋田県北秋田市
秋田県北秋田郡比内町,秋田県大館市
秋田県北秋田郡森吉町,秋田県北秋田市
秋田県北秋田郡阿仁町,秋田県北秋田市
秋田県北秋田郡田代町,秋田県大館市
秋田県北秋田郡合川町,秋田県北秋田市
秋田県山本郡琴丘町,秋田県山本郡三種町
秋田県山本郡二ツ井町,秋田県能代市
秋田県山本郡八森町,秋田県山本郡八峰町
秋田県山本郡山本町,秋田県山本郡三種町
秋田県山本郡八竜町,秋田県山本郡三種町
秋田県山本郡峰浜村,秋田県山本郡八峰町
秋田県南秋田郡昭和町,秋田県潟上市
秋田県南秋田郡飯田川町,秋田県潟上市
秋田県南秋田郡天王町,秋田県潟上市
秋田県南秋田郡若美町,秋田県男鹿市
秋田県河辺郡河辺町,秋田県秋田市
秋田県河辺郡雄和町,秋田県秋田市
秋田県由利郡仁賀保町,秋田県にかほ市
秋田県由利郡金浦町,秋田県にかほ市
秋田県由利郡象潟町,秋田県にかほ市
秋田県由利郡矢島町,秋田県由利本荘市
秋田県由利郡岩城町,秋田県由利本荘市
秋田県由利郡由利町,秋田県由利本荘市
秋田県由利郡西目町,秋田県由利本荘市
秋田県由利郡鳥海町,秋田県由利本荘市
秋田県由利郡東由利町,秋田県由利本荘市
秋田県由利郡大内町,秋田県由利本荘市
秋田県仙北郡神岡町,秋田県大仙市
秋田県仙北郡西仙北町,秋田県大仙市
秋田県仙北郡角館町,秋田県仙北市
秋田県仙北郡六郷町,秋田県仙北郡美郷町
秋田県仙北郡中仙町,秋田県大仙市
秋田県仙北郡田沢湖町,秋田県仙北市
秋田県仙北郡協和町,秋田県大仙市
秋田県仙北郡南外村,秋田県大仙市
秋田県仙北郡仙北町,秋田県大仙市
秋田県仙北郡西木村,秋田県仙北市
秋田県仙北郡太田町,秋田県大仙市
秋田県仙北郡千畑町,秋田県仙北郡美郷町
秋田県仙北郡仙南村,秋田県仙北郡美郷町
秋田県平鹿郡増田町,秋田県横手市
秋田県平鹿郡平鹿町,秋田県横手市
秋田県平鹿郡雄物川町,秋田県横手市
秋田県平鹿郡大森町,秋田県横手市
秋田県平鹿郡十文字町,秋田県横手市
秋田県平鹿郡山内村,秋田県横手市
秋田県平鹿郡大雄村,秋田県横手市
秋田県雄勝郡稲川町,秋田県湯沢市
秋田県雄勝郡雄勝町,秋田県湯沢市
秋田県雄勝郡皆瀬村,秋田県湯沢市
山形県東田川郡立川町,山形県東田川郡庄内町
山形県東田川郡余目町,山形県東田川郡庄内町
山形県東田川郡藤島町,山形県鶴岡市
山形県東田川郡羽黒町,山形県鶴岡市
山形県東田川郡櫛引町,山形県鶴岡市
山形県東田川郡朝日村,山形県鶴岡市
山形県西田川郡温海町,山形県鶴岡市
山形県飽海郡八幡町,山形県酒田市
山形県飽海郡松山町,山形県酒田市
山形県飽海郡平田町,山形県酒田市
福島県原町市,福島県南相馬市
福島県伊達郡伊達町,福島県伊達市
福島県伊達郡梁川町,福島県伊達市
福島県伊達郡保原町,福島県伊達市
福島県伊達郡霊山町,福島県伊達市
福島県伊達郡月舘町,福島県伊達市
福島県伊達郡飯野町,福島県福島市
福島県安達郡安達町,福島県二本松市
福島県安達郡本宮町,福島県本宮市
福島県安達郡白沢村,福島県本宮市
福島県安達郡岩代町,福島県二本松市
福島県安達郡東和町,福島県二本松市
福島県岩瀬郡長沼町,福島県須賀川市
福島県岩瀬郡岩瀬村,福島県須賀川市
福島県南会津郡田島町,福島県南会津郡南会津町
福島県南会津郡舘岩村,福島県南会津郡南会津町
福島県南会津郡伊南村,福島県南会津郡南会津町
福島県南会津郡南郷村,福島県南会津郡南会津町
福島県北会津郡北会津村,福島県会津若松市
福島県耶麻郡熱塩加納村,福島県喜多方市
福島県耶麻郡塩川町,福島県喜多方市
福島県耶麻郡山都町,福島県喜多方市
福島県耶麻郡高郷村,福島県喜多方市
福島県河沼郡河東町,福島県会津若松市
福島県大沼郡会津高田町,福島県大沼郡会津美里町
福島県大沼郡会津本郷町,福島県大沼郡会津美里町
福島県大沼郡新鶴村,福島県大沼郡会津美里町
福島県西白河郡表郷村,福島県白河市
福島県西白河郡東村,福島県白河市
福島県西白河郡大信村,福島県白河市
福島県田村郡滝根町,福島県田村市
福島県田村郡大越町,福島県田村市
福島県田村郡都路村,福島県田村市
福島県田村郡常葉町,福島県田村市
福島県田村郡船引町,福島県田村市
福島県相馬郡鹿島町,福島県南相馬市
福島県相馬郡小高町,福島県南相馬市
茨城県下館市,茨城県筑西市
茨城県水海道市,茨城県常総市
茨城県岩井市,茨城県坂東市
茨城県東茨城郡小川町,茨城県小美玉市
茨城県東茨城郡美野里町,茨城県小美玉市
茨城県東茨城郡内原町,茨城県水戸市
茨城県東茨城郡常北町,茨城県東茨城郡城里町
茨城県東茨城郡桂村,茨城県東茨城郡城里町
茨城県東茨城郡御前山村,茨城県常陸大宮市
茨城県西茨城郡友部町,茨城県笠間市
茨城県西茨城郡岩間町,茨城県笠間市
茨城県西茨城郡七会村,茨城県東茨城郡城里町
茨城県西茨城郡岩瀬町,茨城県桜川市
茨城県那珂郡那珂町,茨城県那珂市
茨城県那珂郡瓜連町,茨城県那珂市
茨城県那珂郡大宮町,茨城県常陸大宮市
茨城県那珂郡山方町,茨城県常陸大宮市
茨城県那珂郡美和村,茨城県常陸大宮市
茨城県那珂郡緒川村,茨城県常陸大宮市
茨城県久慈郡金砂郷町,茨城県常陸太田市
茨城県久慈郡水府村,茨城県常陸太田市
茨城県久慈郡里美村,茨城県常陸太田市
茨城県多賀郡十王町,茨城県日立市
茨城県鹿島郡旭村,茨城県鉾田市
茨城県鹿島郡鉾田町,茨城県鉾田市
茨城県鹿島郡大洋村,茨城県鉾田市
茨城県鹿島郡神栖町,茨城県神栖市
茨城県鹿島郡波崎町,茨城県神栖市
茨城県行方郡麻生町,茨城県行方市
茨城県行方郡牛堀町,茨城県潮来市
茨城県行方郡潮来町,茨城県潮来市
茨城県行方郡北浦町,茨城県行方市
茨城県行方郡玉造町,茨城県行方市
茨城県稲敷郡江戸崎町,茨城県稲敷市
茨城県稲敷郡茎崎町,茨城県つくば市
茨城県稲敷郡新利根町,茨城県稲敷市
茨城県稲敷郡桜川村,茨城県稲敷市
茨城県稲敷郡東町,茨城県稲敷市
茨城県新治郡霞ヶ浦町,茨城県かすみがうら市
茨城県新治郡玉里村,茨城県小美玉市
茨城県新治郡八郷町,茨城県石岡市
茨城県新治郡千代田町,茨城県かすみがうら市
茨城県新治郡新治村,茨城県土浦市
茨城県筑波郡伊奈町,茨城県つくばみらい市
茨城県筑波郡谷和原村,茨城県つくばみらい市
茨城県真壁郡関城町,茨城県筑西市
茨城県真壁郡明野町,茨城県筑西市
茨城県真壁郡真壁町,茨城県桜川市
茨城県真壁郡大和村,茨城県桜川市
茨城県真壁郡協和町,茨城県筑西市
茨城県結城郡千代川村,茨城県下妻市
茨城県結城郡石下町,茨城県常総市
茨城県猿島郡総和町,茨城県古河市
茨城県猿島郡三和町,茨城県古河市
茨城県猿島郡猿島町,茨城県坂東市
茨城県北相馬郡守谷町,茨城県守谷市
茨城県北相馬郡藤代町,茨城県取手市
栃木県今市市,栃木県日光市
栃木県黒磯市,栃木県那須塩原市
栃木県河内郡南河内町,栃木県下野市
栃木県河内郡上河内町,栃木県宇都宮市
栃木県河内郡河内町,栃木県宇都宮市
栃木県上都賀郡西方町,栃木県栃木市
栃木県上都賀郡粟野町,栃木県鹿沼市
栃木県上都賀郡足尾町,栃木県日光市
栃木県芳賀郡二宮町,栃木県真岡市
栃木県下都賀郡石橋町,栃木県下野市
栃木県下都賀郡国分寺町,栃木県下野市
栃木県下都賀郡大平町,栃木県栃木市
栃木県下都賀郡藤岡町,栃木県栃木市
栃木県下都賀郡岩舟町,栃木県栃木市
栃木県下都賀郡都賀町,栃木県栃木市
栃木県塩谷郡栗山村,栃木県日光市
栃木県塩谷郡藤原町,栃木県日光市
栃木県塩谷郡氏家町,栃木県さくら市
栃木県塩谷郡喜連川町,栃木県さくら市
栃木県那須郡南那須町,栃木県那須烏山市
栃木県那須郡烏山町,栃木県那須烏山市
栃木県那須郡馬頭町,栃木県那須郡那珂川町
栃木県那須郡小川町,栃木県那須郡那珂川町
栃木県那須郡湯津上村,栃木県大田原市
栃木県那須郡黒羽町,栃木県大田原市
栃木県那須郡西那須野町,栃木県那須塩原市
栃木県那須郡塩原町,栃木県那須塩原市
栃木県安蘇郡田沼町,栃木県佐野市
栃木県安蘇郡葛生町,栃木県佐野市
群馬県勢多郡北橘村,群馬県渋川市
群馬県勢多郡赤城村,群馬県渋川市
群馬県勢多郡富士見村,群馬県前橋市
群馬県勢多郡大胡町,群馬県前橋市
群馬県勢多郡宮城村,群馬県前橋市
群馬県勢多郡粕川村,群馬県前橋市
群馬県勢多郡新里村,群馬県桐生市
群馬県勢多郡黒保根村,群馬県桐生市
群馬県勢多郡東村,群馬県みどり市
群馬県群馬郡榛名町,群馬県高崎市
群馬県群馬郡倉渕村,群馬県高崎市
群馬県群馬郡箕郷町,群馬県高崎市
群馬県群馬郡群馬町,群馬県高崎市
群馬県北群馬郡子持村,群馬県渋川市
群馬県北群馬郡小野上村,群馬県渋川市
群馬県北群馬郡伊香保町,群馬県渋川市
群馬県多野郡新町,群馬県高崎市
群馬県多野郡鬼石町,群馬県藤岡市
群馬県多野郡吉井町,群馬県高崎市
群馬県多野郡万場町,群馬県多野郡神流町
群馬県多野郡中里村,群馬県多野郡神流町
群馬県甘楽郡妙義町,群馬県富岡市
群馬県碓氷郡松井田町,群馬県安中市
群馬県吾妻郡東村,群馬県吾妻郡東吾妻町
群馬県吾妻郡吾妻町,群馬県吾妻郡東吾妻町
群馬県吾妻郡六合村,群馬県吾妻郡中之条町
群馬県利根郡白沢村,群馬県沼田市
群馬県利根郡利根村,群馬県沼田市
群馬県利根郡月夜野町,群馬県利根郡みなかみ町
群馬県利根郡水上町,群馬県利根郡みなかみ町
群馬県利根郡新治村,群馬県利根郡みなかみ町
群馬県佐波郡赤堀町,群馬県伊勢崎市
群馬県佐波郡東村,群馬県伊勢崎市
群馬県佐波郡境町,群馬県伊勢崎市
群馬県新田郡尾島町,群馬県太田市
群馬県新田郡新田町,群馬県太田市
群馬県新田郡藪塚本町,群馬県太田市
群馬県新田郡笠懸町,群馬県みどり市
群馬県山田郡大間々町,群馬県みどり市
埼玉県浦和市,埼玉県さいたま市
埼玉県大宮市,埼玉県さいたま市
埼玉県岩槻市,埼玉県さいたま市
埼玉県与野市,埼玉県さいたま市
埼玉県鳩ケ谷市,埼玉県川口市
埼玉県上福岡市,埼玉県ふじみ野市
埼玉県北足立郡吹上町,埼玉県鴻巣市
埼玉県入間郡大井町,埼玉県ふじみ野市
埼玉県入間郡名栗村,埼玉県飯能市
埼玉県比企郡都幾川村,埼玉県比企郡ときがわ町
埼玉県比企郡玉川村,埼玉県比企郡ときがわ町
埼玉県秩父郡吉田町,埼玉県秩父市
埼玉県秩父郡両神村,埼玉県秩父郡小鹿野町
埼玉県秩父郡大滝村,埼玉県秩父市
埼玉県秩父郡荒川村,埼玉県秩父市
埼玉県児玉郡児玉町,埼玉県本庄市
埼玉県児玉郡神泉村,埼玉県児玉郡神川町
埼玉県大里郡大里村,埼玉県熊谷市
埼玉県大里郡江南町,埼玉県熊谷市
埼玉県大里郡妻沼町,埼玉県熊谷市
埼玉県大里郡岡部町,埼玉県深谷市
埼玉県大里郡川本町,埼玉県深谷市
埼玉県大里郡花園町,埼玉県深谷市
埼玉県北埼玉郡騎西町,埼玉県加須市
埼玉県北埼玉郡南河原村,埼玉県行田市
埼玉県北埼玉郡川里村,埼玉県鴻巣市
埼玉県北埼玉郡北川辺町,埼玉県加須市
埼玉県北埼玉郡大利根町,埼玉県加須市
埼玉県南埼玉郡白岡町,埼玉県白岡市
埼玉県南埼玉郡菖蒲町,埼玉県久喜市
埼玉県北葛飾郡栗橋町,埼玉県久喜市
埼玉県北葛飾郡鷲宮町,埼玉県久喜市
埼玉県北葛飾郡庄和町,埼玉県春日部市
千葉県佐原市,千葉県香取市
千葉県八日市場市,千葉県匝瑳市
千葉県東葛飾郡関宿町,千葉県野田市
千葉県東葛飾郡沼南町,千葉県柏市
千葉県印旛郡富里町,千葉県富里市
千葉県印旛郡印旛村,千葉県印西市
千葉県印旛郡白井町,千葉県白井市
千葉県印旛郡本埜村,千葉県印西市
千葉県香取郡下総町,千葉県成田市
千葉県香取郡大栄町,千葉県成田市
千葉県香取郡小見川町,千葉県香取市
千葉県香取郡山田町,千葉県香取市
千葉県香取郡栗源町,千葉県香取市
千葉県香取郡干潟町,千葉県旭市
千葉県海上郡海上町,千葉県旭市
千葉県海上郡飯岡町,千葉県旭市
千葉県匝瑳郡光町,千葉県山武郡横芝光町
千葉県匝瑳郡野栄町,千葉県匝瑳市
千葉県山武郡大網白里町,千葉県大網白里市
千葉県山武郡成東町,千葉県山武市
千葉県山武郡山武町,千葉県山武市
千葉県山武郡蓮沼村,千葉県山武市
千葉県山武郡松尾町,千葉県山武市
千葉県山武郡横芝町,千葉県山武郡横芝光町
千葉県夷隅郡夷隅町,千葉県いすみ市
千葉県夷隅郡大原町,千葉県いすみ市
千葉県夷隅郡岬町,千葉県いすみ市
千葉県安房郡富浦町,千葉県南房総市
千葉県安房郡富山町,千葉県南房総市
千葉県安房郡三芳村,千葉県南房総市
千葉県安房郡白浜町,千葉県南房総市
千葉県安房郡千倉町,千葉県南房総市
千葉県安房郡丸山町,千葉県南房総市
千葉県安房郡和田町,千葉県南房総市
千葉県安房郡天津小湊町,千葉県鴨川市
東京都田無市,東京都西東京市
東京都保谷市,東京都西東京市
神奈川県津久井郡城山町,神奈川県相模原市
神奈川県津久井郡津久井町,神奈川県相模原市
神奈川県津久井郡相模湖町,神奈川県相模原市
神奈川県津久井郡藤野町,神奈川県相模原市
新潟県新津市,新潟県新潟市
新潟県栃尾市,新潟県長岡市
新潟県新井市,新潟県妙高市
新潟県両津市,新潟県佐渡市
新潟県白根市,新潟県新潟市
新潟県豊栄市,新潟県新潟市
新潟県北蒲原郡安田町,新潟県阿賀野市
新潟県北蒲原郡京ケ瀬村,新潟県阿賀野市
新潟県北蒲原郡水原町,新潟県阿賀野市
新潟県北蒲原郡笹神村,新潟県阿賀野市
新潟県北蒲原郡豊浦町,新潟県新発田市
新潟県北蒲原郡加治川村,新潟県新発田市
新潟県北蒲原郡紫雲寺町,新潟県新発田市
新潟県北蒲原郡中条町,新潟県胎内市
新潟県北蒲原郡黒川村,新潟県胎内市
新潟県中蒲原郡小須戸町,新潟県新潟市
新潟県中蒲原郡村松町,新潟県五泉市
新潟県中蒲原郡横越町,新潟県新潟市
新潟県中蒲原郡亀田町,新潟県新潟市
新潟県西蒲原郡岩室村,新潟県新潟市
新潟県西蒲原郡分水町,新潟県燕市
新潟県西蒲原郡吉田町,新潟県燕市
新潟県西蒲原郡巻町,新潟県新潟市
新潟県西蒲原郡西川町,新潟県新潟市
新潟県西蒲原郡黒埼町,新潟県新潟市
新潟県西蒲原郡味方村,新潟県新潟市
新潟県西蒲原郡潟東村,新潟県新潟市
新潟県西蒲原郡月潟村,新潟県新潟市
新潟県西蒲原郡中之口村,新潟県新潟市
新潟県南蒲原郡下田村,新潟県三条市
新潟県南蒲原郡栄町,新潟県三条市
新潟県南蒲原郡中之島町,新潟県長岡市
新潟県東蒲原郡津川町,新潟県東蒲原郡阿賀町
新潟県東蒲原郡鹿瀬町,新潟県東蒲原郡阿賀町
新潟県東蒲原郡上川村,新潟県東蒲原郡阿賀町
新潟県東蒲原郡三川村,新潟県東蒲原郡阿賀町
新潟県三島郡越路町,新潟県長岡市
新潟県三島郡三島町,新潟県長岡市
新潟県三島郡与板町,新潟県長岡市
新潟県三島郡和島村,新潟県長岡市
新潟県三島郡寺泊町,新潟県長岡市
新潟県古志郡山古志村,新潟県長岡市
新潟県北魚沼郡川口町,新潟県長岡市
新潟県北魚沼郡堀之内町,新潟県魚沼市
新潟県北魚沼郡小出町,新潟県魚沼市
新潟県北魚沼郡湯之谷村,新潟県魚沼市
新潟県北魚沼郡広神村,新潟県魚沼市
新潟県北魚沼郡守門村,新潟県魚沼市
新潟県北魚沼郡入広瀬村,新潟県魚沼市
新潟県南魚沼郡塩沢町,新潟県南魚沼市
新潟県南魚沼郡六日町,新潟県南魚沼市
新潟県南魚沼郡大和町,新潟県南魚沼市
新潟県中魚沼郡川西町,新潟県十日町市
新潟県中魚沼郡中里村,新潟県十日町市
新潟県刈羽郡高柳町,新潟県柏崎市
新潟県刈羽郡小国町,新潟県長岡市
新潟県刈羽郡西山町,新潟県柏崎市
新潟県東頸城郡安塚町,新潟県上越市
新潟県東頸城郡浦川原村,新潟県上越市
新潟県東頸城郡松代町,新潟県十日町市
新潟県東頸城郡松之山町,新潟県十日町市
新潟県東頚城郡大島村,新潟県上越市
新潟県東頸城郡牧村,新潟県上越市
新潟県中頸城郡柿崎町,新潟県上越市
新潟県中頸城郡大潟町,新潟県上越市
新潟県中頸城郡頸城村,新潟県上越市
新潟県中頸城郡吉川町,新潟県上越市
新潟県中頸城郡妙高高原町,新潟県妙高市
新潟県中頸城郡中郷村,新潟県上越市
新潟県中頸城郡妙高村,新潟県妙高市
新潟県中頸城郡板倉町,新潟県上越市
新潟県中頸城郡清里村,新潟県上越市
新潟県中頸城郡三和村,新潟県上越市
新潟県西頸城郡名立町,新潟県上越市
新潟県西頸城郡能生町,新潟県糸魚川市
新潟県西頸城郡青海町,新潟県糸魚川市
新潟県岩船郡荒川町,新潟県村上市
新潟県岩船郡神林村,新潟県村上市
新潟県岩船郡朝日村,新潟県村上市
新潟県岩船郡山北町,新潟県村上市
新潟県佐渡郡相川町,新潟県佐渡市
新潟県佐渡郡佐和田町,新潟県佐渡市
新潟県佐渡郡金井町,新潟県佐渡市
新潟県佐渡郡新穂村,新潟県佐渡市
新潟県佐渡郡畑野町,新潟県佐渡市
新潟県佐渡郡真野町,新潟県佐渡市
新潟県佐渡郡小木町,新潟県佐渡市
新潟県佐渡郡羽茂町,新潟県佐渡市
新潟県佐渡郡赤泊村,新潟県佐渡市
富山県新湊市,富山県射水市
富山県上新川郡大沢野町,富山県富山市
富山県上新川郡大山町,富山県富山市
富山県下新川郡宇奈月町,富山県黒部市
富山県婦負郡八尾町,富山県富山市
富山県婦負郡婦中町,富山県富山市
富山県婦負郡山田村,富山県富山市
富山県婦負郡細入村,富山県富山市
富山県射水郡小杉町,富山県射水市
富山県射水郡大門町,富山県射水市
富山県射水郡下村,富山県射水市
富山県射水郡大島町,富山県射水市
富山県東礪波郡城端町,富山県南砺市
富山県東礪波郡平村,富山県南砺市
富山県東礪波郡上平村,富山県南砺市
富山県東礪波郡利賀村,富山県南砺市
富山県東礪波郡庄川町,富山県砺波市
富山県東礪波郡井波町,富山県南砺市
富山県東礪波郡井口村,富山県南砺市
富山県東礪波郡福野町,富山県南砺市
富山県西礪波郡福光町,富山県南砺市
富山県西礪波郡福岡町,富山県高岡市
石川県松任市,石川県白山市
石川県江沼郡山中町,石川県加賀市
石川県能美郡根上町,石川県能美市
石川県能美郡寺井町,石川県能美市
石川県能美郡辰口町,石川県能美市
石川県石川郡美川町,石川県白山市
石川県石川郡鶴来町,石川県白山市
石川県石川郡野々市町,石川県野々市市
石川県石川郡河内村,石川県白山市
石川県石川郡吉野谷村,石川県白山市
石川県石川郡鳥越村,石川県白山市
石川県石川郡尾口村,石川県白山市
石川県石川郡白峰村,石川県白山市
石川県河北郡高松町,石川県かほく市
石川県河北郡七塚町,石川県かほく市
石川県河北郡宇ノ気町,石川県かほく市
石川県羽咋郡富来町,石川県羽咋郡志賀町
石川県羽咋郡志雄町,石川県羽咋郡宝達志水町
石川県羽咋郡押水町,石川県羽咋郡宝達志水町
石川県鹿島郡田鶴浜町,石川県七尾市
石川県鹿島郡鳥屋町,石川県鹿島郡中能登町
石川県鹿島郡中島町,石川県七尾市
石川県鹿島郡鹿島町,石川県鹿島郡中能登町
石川県鹿島郡能登島町,石川県七尾市
石川県鹿島郡鹿西町,石川県鹿島郡中能登町
石川県鳳至郡穴水町,石川県鳳珠郡穴水町
石川県鳳至郡門前町,石川県輪島市
石川県鳳至郡能都町,石川県鳳珠郡能登町
石川県鳳至郡柳田村,石川県鳳珠郡能登町
石川県珠洲郡内浦町,石川県鳳珠郡能登町
福井県武生市,福井県越前市
福井県足羽郡美山町,福井県福井市
福井県吉田郡松岡町,福井県吉田郡永平寺町
福井県吉田郡上志比村,福井県吉田郡永平寺町
福井県大野郡和泉村,福井県大野市
福井県坂井郡三国町,福井県坂井市
福井県坂井郡芦原町,福井県あわら市
福井県坂井郡金津町,福井県あわら市
福井県坂井郡丸岡町,福井県坂井市
福井県坂井郡春江町,福井県坂井市
福井県坂井郡坂井町,福井県坂井市
福井県今立郡今立町,福井県越前市
福井県南条郡南条町,福井県南条郡南越前町
福井県南条郡今庄町,福井県南条郡南越前町
福井県南条郡河野村,福井県南条郡南越前町
福井県丹生郡朝日町,福井県丹生郡越前町
福井県丹生郡宮崎村,福井県丹生郡越前町
福井県丹生郡越廼村,福井県福井市
福井県丹生郡織田町,福井県丹生郡越前町
福井県丹生郡清水町,福井県福井市
福井県三方郡三方町,福井県三方上中郡若狭町
福井県遠敷郡上中町,福井県三方上中郡若狭町
福井県遠敷郡名田庄村,福井県おおい町
福井県大飯郡大飯町,福井県おおい町
山梨県塩山市,山梨県甲州市
山梨県東山梨郡春日居町,山梨県笛吹市
山梨県東山梨郡牧丘町,山梨県山梨市
山梨県東山梨郡三富村,山梨県山梨市
山梨県東山梨郡勝沼町,山梨県甲州市
山梨県東山梨郡大和村,山梨県甲州市
山梨県東八代郡石和町,山梨県笛吹市
山梨県東八代郡御坂町,山梨県笛吹市
山梨県東八代郡一宮町,山梨県笛吹市
山梨県東八代郡八代町,山梨県笛吹市
山梨県東八代郡境川村,山梨県笛吹市
山梨県東八代郡中道町,山梨県甲府市
山梨県東八代郡芦川村,山梨県笛吹市
山梨県東八代郡豊富村,山梨県中央市
山梨県西八代郡上九一色村,山梨県甲府市／南都留郡富士河口湖町
山梨県西八代郡三珠町,山梨県西八代郡市川三郷町
山梨県西八代郡市川大門町,山梨県西八代郡市川三郷町
山梨県西八代郡六郷町,山梨県西八代郡市川三郷町
山梨県西八代郡下部町,山梨県南巨摩郡身延町
山梨県南巨摩郡増穂町,山梨県南巨摩郡富士川町
山梨県南巨摩郡鰍沢町,山梨県南巨摩郡富士川町
山梨県南巨摩郡中富町,山梨県南巨摩郡身延町
山梨県南巨摩郡富沢町,山梨県南巨摩郡南部町
山梨県中巨摩郡竜王町,山梨県甲斐市
山梨県中巨摩郡敷島町,山梨県甲斐市
山梨県中巨摩郡玉穂町,山梨県中央市
山梨県中巨摩郡田富町,山梨県中央市
山梨県中巨摩郡八田村,山梨県南アルプス市
山梨県中巨摩郡白根町,山梨県南アルプス市
山梨県中巨摩郡芦安村,山梨県南アルプス市
山梨県中巨摩郡若草町,山梨県南アルプス市
山梨県中巨摩郡櫛形町,山梨県南アルプス市
山梨県中巨摩郡甲西町,山梨県南アルプス市
山梨県北巨摩郡双葉町,山梨県甲斐市
山梨県北巨摩郡明野村,山梨県北杜市
山梨県北巨摩郡須玉町,山梨県北杜市
山梨県北巨摩郡高根町,山梨県北杜市
山梨県北巨摩郡長坂町,山梨県北杜市
山梨県北巨摩郡大泉村,山梨県北杜市
山梨県北巨摩郡小淵沢町,山梨県北杜市
山梨県北巨摩郡白州町,山梨県北杜市
山梨県北巨摩郡武川村,山梨県北杜市
山梨県南都留郡秋山村,山梨県上野原市
山梨県南都留郡河口湖町,山梨県南都留郡富士河口湖町
山梨県南都留郡勝山村,山梨県南都留郡富士河口湖町
山梨県南都留郡足和田村,山梨県南都留郡富士河口湖町
山梨県北都留郡上野原町,山梨県上野原市
長野県更埴市,長野県千曲市
長野県南佐久郡臼田町,長野県佐久市
長野県南佐久郡佐久町,長野県南佐久郡佐久穂町
長野県南佐久郡八千穂村,長野県南佐久郡佐久穂町
長野県北佐久郡望月町,長野県佐久市
長野県北佐久郡浅科村,長野県佐久市
長野県北佐久郡北御牧村,長野県東御市
長野県小県郡丸子町,長野県上田市
長野県小県郡長門町,長野県小県郡長和町
長野県小県郡東部町,長野県東御市
長野県小県郡真田町,長野県上田市
長野県小県郡武石村,長野県上田市
長野県小県郡和田村,長野県小県郡長和町
長野県上伊那郡高遠町,長野県伊那市
長野県上伊那郡長谷村,長野県伊那市
長野県下伊那郡清内路村,長野県下伊那郡阿智村
長野県下伊那郡浪合村,長野県下伊那郡阿智村
長野県下伊那郡上村,長野県飯田市
長野県下伊那郡南信濃村,長野県飯田市
長野県木曽郡木曽福島町,長野県木曽郡木曽町
長野県木曽郡楢川村,長野県塩尻市
長野県木曽郡日義村,長野県木曽郡木曽町
長野県木曽郡開田村,長野県木曽郡木曽町
長野県木曽郡三岳村,長野県木曽郡木曽町
長野県木曽郡山口村,岐阜県中津川市
長野県東筑摩郡明科町,長野県安曇野市
長野県東筑摩郡四賀村,長野県松本市
長野県東筑摩郡本城村,長野県東筑摩郡筑北村
長野県東筑摩郡坂北村,長野県東筑摩郡筑北村
長野県東筑摩郡坂井村,長野県東筑摩郡筑北村
長野県東筑摩郡波田町,長野県松本市
長野県南安曇郡豊科町,長野県安曇野市
長野県南安曇郡穂高町,長野県安曇野市
長野県南安曇郡奈川村,長野県松本市
長野県南安曇郡安曇村,長野県松本市
長野県南安曇郡梓川村,長野県松本市
長野県南安曇郡三郷村,長野県安曇野市
長野県南安曇郡堀金村,長野県安曇野市
長野県北安曇郡八坂村,長野県大町市
長野県北安曇郡美麻村,長野県大町市
長野県更級郡上山田町,長野県千曲市
長野県更級郡大岡村,長野県長野市
長野県埴科郡戸倉町,長野県千曲市
長野県上水内郡信州新町,長野県長野市
長野県上水内郡豊野町,長野県長野市
長野県上水内郡牟礼村,長野県上水内郡飯綱町
長野県上水内郡三水村,長野県上水内郡飯綱町
長野県上水内郡戸隠村,長野県長野市
長野県上水内郡鬼無里村,長野県長野市
長野県上水内郡中条村,長野県長野市
長野県下水内郡豊田村,長野県中野市
岐阜県羽島郡川島町,岐阜県各務原市
岐阜県羽島郡柳津町,岐阜県岐阜市
岐阜県海津郡海津町,岐阜県海津市
岐阜県海津郡平田町,岐阜県海津市
岐阜県海津郡南濃町,岐阜県海津市
岐阜県養老郡上石津町,岐阜県大垣市
岐阜県安八郡墨俣町,岐阜県大垣市
岐阜県揖斐郡谷汲村,岐阜県揖斐郡揖斐川町
岐阜県揖斐郡春日村,岐阜県揖斐郡揖斐川町
岐阜県揖斐郡久瀬村,岐阜県揖斐郡揖斐川町
岐阜県揖斐郡藤橋村,岐阜県揖斐郡揖斐川町
岐阜県揖斐郡坂内村,岐阜県揖斐郡揖斐川町
岐阜県本巣郡本巣町,岐阜県本巣市
岐阜県本巣郡穂積町,岐阜県瑞穂市
岐阜県本巣郡巣南町,岐阜県瑞穂市
岐阜県本巣郡真正町,岐阜県本巣市
岐阜県本巣郡糸貫町,岐阜県本巣市
岐阜県本巣郡根尾村,岐阜県本巣市
岐阜県山県郡高富町,岐阜県山県市
岐阜県山県郡伊自良村,岐阜県山県市
岐阜県山県郡美山町,岐阜県山県市
岐阜県武儀郡洞戸村,岐阜県関市
岐阜県武儀郡板取村,岐阜県関市
岐阜県武儀郡武芸川町,岐阜県関市
岐阜県武儀郡武儀町,岐阜県関市
岐阜県武儀郡上之保村,岐阜県関市
岐阜県郡上郡八幡町,岐阜県郡上市
岐阜県郡上郡大和町,岐阜県郡上市
岐阜県郡上郡白鳥町,岐阜県郡上市
岐阜県郡上郡高鷲村,岐阜県郡上市
岐阜県郡上郡美並村,岐阜県郡上市
岐阜県郡上郡明宝村,岐阜県郡上市
岐阜県郡上郡和良村,岐阜県郡上市
岐阜県可児郡兼山町,岐阜県可児市
岐阜県土岐郡笠原町,岐阜県多治見市
岐阜県恵那郡坂下町,岐阜県中津川市
岐阜県恵那郡川上村,岐阜県中津川市
岐阜県恵那郡加子母村,岐阜県中津川市
岐阜県恵那郡付知町,岐阜県中津川市
岐阜県恵那郡福岡町,岐阜県中津川市
岐阜県恵那郡蛭川村,岐阜県中津川市
岐阜県恵那郡岩村町,岐阜県恵那市
岐阜県恵那郡山岡町,岐阜県恵那市
岐阜県恵那郡明智町,岐阜県恵那市
岐阜県恵那郡串原村,岐阜県恵那市
岐阜県恵那郡上矢作町,岐阜県恵那市
岐阜県益田郡萩原町,岐阜県下呂市
岐阜県益田郡小坂町,岐阜県下呂市
岐阜県益田郡下呂町,岐阜県下呂市
岐阜県益田郡金山町,岐阜県下呂市
岐阜県益田郡馬瀬村,岐阜県下呂市
岐阜県大野郡丹生川村,岐阜県高山市
岐阜県大野郡清見村,岐阜県高山市
岐阜県大野郡荘川村,岐阜県高山市
岐阜県大野郡宮村,岐阜県高山市
岐阜県大野郡久々野町,岐阜県高山市
岐阜県大野郡朝日村,岐阜県高山市
岐阜県大野郡高根村,岐阜県高山市
岐阜県吉城郡古川町,岐阜県飛騨市
岐阜県吉城郡国府町,岐阜県高山市
岐阜県吉城郡河合村,岐阜県飛騨市
岐阜県吉城郡宮川村,岐阜県飛騨市
岐阜県吉城郡神岡町,岐阜県飛騨市
岐阜県吉城郡上宝村,岐阜県高山市
静岡県清水市,静岡県静岡市
静岡県天竜市,静岡県浜松市
静岡県浜北市,静岡県浜松市
静岡県賀茂郡賀茂村,静岡県賀茂郡西伊豆町
静岡県田方郡伊豆長岡町,静岡県伊豆の国市
静岡県田方郡修善寺町,静岡県伊豆市
静岡県田方郡戸田村,静岡県沼津市
静岡県田方郡土肥町,静岡県伊豆市
静岡県田方郡韮山町,静岡県伊豆の国市
静岡県田方郡大仁町,静岡県伊豆の国市
静岡県田方郡天城湯ケ島町,静岡県伊豆市
静岡県田方郡中伊豆町,静岡県伊豆市
静岡県富士郡芝川町,静岡県富士宮市
静岡県庵原郡富士川町,静岡県富士市
静岡県庵原郡蒲原町,静岡県静岡市
静岡県庵原郡由比町,静岡県静岡市
静岡県志太郡岡部町,静岡県藤枝市
静岡県志太郡大井川町,静岡県焼津市
静岡県榛原郡御前崎町,静岡県御前崎市
静岡県榛原郡相良町,静岡県牧之原市
静岡県榛原郡榛原町,静岡県牧之原市
静岡県榛原郡金谷町,静岡県島田市
静岡県榛原郡川根町,静岡県島田市
静岡県榛原郡中川根町,静岡県榛原郡川根本町
静岡県榛原郡本川根町,静岡県榛原郡川根本町
静岡県小笠郡大須賀町,静岡県掛川市
静岡県小笠郡浜岡町,静岡県御前崎市
静岡県小笠郡小笠町,静岡県菊川市
静岡県小笠郡菊川町,静岡県菊川市
静岡県小笠郡大東町,静岡県掛川市
静岡県周智郡春野町,静岡県浜松市
静岡県磐田郡浅羽町,静岡県袋井市
静岡県磐田郡福田町,静岡県磐田市
静岡県磐田郡竜洋町,静岡県磐田市
静岡県磐田郡豊田町,静岡県磐田市
静岡県磐田郡豊岡村,静岡県磐田市
静岡県磐田郡龍山村,静岡県浜松市
静岡県磐田郡佐久間町,静岡県浜松市
静岡県磐田郡水窪町,静岡県浜松市
静岡県浜名郡舞阪町,静岡県浜松市
静岡県浜名郡新居町,静岡県湖西市
静岡県浜名郡雄踏町,静岡県浜松市
静岡県引佐郡細江町,静岡県浜松市
静岡県引佐郡引佐町,静岡県浜松市
静岡県引佐郡三ケ日町,静岡県浜松市
愛知県尾西市,愛知県一宮市
愛知県愛知郡長久手町,愛知県長久手市
愛知県西春日井郡西枇杷島町,愛知県清須市
愛知県西春日井郡師勝町,愛知県北名古屋市
愛知県西春日井郡西春町,愛知県北名古屋市
愛知県西春日井郡春日町,愛知県清須市
愛知県西春日井郡清洲町,愛知県清須市
愛知県西春日井郡新川町,愛知県清須市
愛知県葉栗郡木曽川町,愛知県一宮市
愛知県中島郡祖父江町,愛知県稲沢市
愛知県中島郡平和町,愛知県稲沢市
愛知県海部郡七宝町,愛知県あま市
愛知県海部郡美和町,愛知県あま市
愛知県海部郡甚目寺町,愛知県あま市
愛知県海部郡十四山村,愛知県弥富市
愛知県海部郡弥富町,愛知県弥富市
愛知県海部郡佐屋町,愛知県愛西市
愛知県海部郡立田村,愛知県愛西市
愛知県海部郡八開村,愛知県愛西市
愛知県海部郡佐織町,愛知県愛西市
愛知県幡豆郡一色町,愛知県西尾市
愛知県幡豆郡吉良町,愛知県西尾市
愛知県幡豆郡幡豆町,愛知県西尾市
愛知県額田郡額田町,愛知県岡崎市
愛知県西加茂郡三好町,愛知県みよし市
愛知県西加茂郡藤岡町,愛知県豊田市
愛知県西加茂郡小原村,愛知県豊田市
愛知県東加茂郡足助町,愛知県豊田市
愛知県東加茂郡下山村,愛知県豊田市
愛知県東加茂郡旭町,愛知県豊田市
愛知県北設楽郡富山村,愛知県北設楽郡豊根村
愛知県北設楽郡津具村,愛知県北設楽郡設楽町
愛知県北設楽郡稲武町,愛知県豊田市
愛知県南設楽郡鳳来町,愛知県新城市
愛知県南設楽郡作手村,愛知県新城市
愛知県宝飯郡音羽町,愛知県豊川市
愛知県宝飯郡一宮町,愛知県豊川市
愛知県宝飯郡小坂井町,愛知県豊川市
愛知県宝飯郡御津町,愛知県豊川市
愛知県渥美郡田原町,愛知県田原市
愛知県渥美郡赤羽根町,愛知県田原市
愛知県渥美郡渥美町,愛知県田原市
三重県上野市,三重県伊賀市
三重県久居市,三重県津市
三重県桑名郡多度町,三重県桑名市
三重県桑名郡長島町,三重県桑名市
三重県員弁郡北勢町,三重県いなべ市
三重県員弁郡員弁町,三重県いなべ市
三重県員弁郡大安町,三重県いなべ市
三重県員弁郡藤原町,三重県いなべ市
三重県三重郡楠町,三重県四日市市
三重県鈴鹿郡関町,三重県亀山市
三重県安芸郡河芸町,三重県津市
三重県安芸郡芸濃町,三重県津市
三重県安芸郡美里村,三重県津市
三重県安芸郡安濃町,三重県津市
三重県一志郡香良洲町,三重県津市
三重県一志郡一志町,三重県津市
三重県一志郡白山町,三重県津市
三重県一志郡嬉野町,三重県松阪市
三重県一志郡美杉村,三重県津市
三重県一志郡三雲町,三重県松阪市
三重県飯南郡飯南町,三重県松阪市
三重県飯南郡飯高町,三重県松阪市
三重県多気郡勢和村,三重県多気郡多気町
三重県多気郡宮川村,三重県多気郡大台町
三重県度会郡二見町,三重県伊勢市
三重県度会郡小俣町,三重県伊勢市
三重県度会郡南勢町,三重県度会郡南伊勢町
三重県度会郡南島町,三重県度会郡南伊勢町
三重県度会郡大宮町,三重県度会郡大紀町
三重県度会郡紀勢町,三重県度会郡大紀町
三重県度会郡御薗村,三重県伊勢市
三重県度会郡大内山村,三重県度会郡大紀町
三重県阿山郡伊賀町,三重県伊賀市
三重県阿山郡島ケ原村,三重県伊賀市
三重県阿山郡阿山町,三重県伊賀市
三重県阿山郡大山田村,三重県伊賀市
三重県名賀郡青山町,三重県伊賀市
三重県志摩郡浜島町,三重県志摩市
三重県志摩郡大王町,三重県志摩市
三重県志摩郡志摩町,三重県志摩市
三重県志摩郡阿児町,三重県志摩市
三重県志摩郡磯部町,三重県志摩市
三重県北牟婁郡紀伊長島町,三重県北牟婁郡紀北町
三重県北牟婁郡海山町,三重県北牟婁郡紀北町
三重県南牟婁郡紀和町,三重県熊野市
三重県南牟婁郡鵜殿村,三重県南牟婁郡紀宝町
滋賀県八日市市,滋賀県東近江市
滋賀県滋賀郡志賀町,滋賀県大津市
滋賀県栗太郡栗東町,滋賀県栗東市
滋賀県野洲郡中主町,滋賀県野洲市
滋賀県野洲郡野洲町,滋賀県野洲市
滋賀県甲賀郡石部町,滋賀県湖南市
滋賀県甲賀郡甲西町,滋賀県湖南市
滋賀県甲賀郡水口町,滋賀県甲賀市
滋賀県甲賀郡土山町,滋賀県甲賀市
滋賀県甲賀郡甲賀町,滋賀県甲賀市
滋賀県甲賀郡甲南町,滋賀県甲賀市
滋賀県甲賀郡信楽町,滋賀県甲賀市
滋賀県蒲生郡安土町,滋賀県近江八幡市
滋賀県蒲生郡蒲生町,滋賀県東近江市
滋賀県神崎郡永源寺町,滋賀県東近江市
滋賀県神崎郡五個荘町,滋賀県東近江市
滋賀県神崎郡能登川町,滋賀県東近江市
滋賀県愛知郡愛東町,滋賀県東近江市
滋賀県愛知郡湖東町,滋賀県東近江市
滋賀県愛知郡秦荘町,滋賀県愛知郡愛荘町
滋賀県愛知郡愛知川町,滋賀県愛知郡愛荘町
滋賀県坂田郡山東町,滋賀県米原市
滋賀県坂田郡伊吹町,滋賀県米原市
滋賀県坂田郡米原町,滋賀県米原市
滋賀県坂田郡近江町,滋賀県米原市
滋賀県東浅井郡浅井町,滋賀県長浜市
滋賀県東浅井郡虎姫町,滋賀県長浜市
滋賀県東浅井郡湖北町,滋賀県長浜市
滋賀県東浅井郡びわ町,滋賀県長浜市
滋賀県伊香郡高月町,滋賀県長浜市
滋賀県伊香郡木之本町,滋賀県長浜市
滋賀県伊香郡余呉町,滋賀県長浜市
滋賀県伊香郡西浅井町,滋賀県長浜市
滋賀県高島郡マキノ町,滋賀県高島市
滋賀県高島郡今津町,滋賀県高島市
滋賀県高島郡朽木村,滋賀県高島市
滋賀県高島郡安曇川町,滋賀県高島市
滋賀県高島郡高島町,滋賀県高島市
滋賀県高島郡新旭町,滋賀県高島市
京都府相楽郡山城町,京都府木津川市
京都府相楽郡木津町,京都府木津川市
京都府相楽郡加茂町,京都府木津川市
京都府北桑田郡京北町,京都府京都市
京都府北桑田郡美山町,京都府南丹市
京都府船井郡園部町,京都府南丹市
京都府船井郡八木町,京都府南丹市
京都府船井郡丹波町,京都府船井郡京丹波町
京都府船井郡日吉町,京都府南丹市
京都府船井郡瑞穂町,京都府船井郡京丹波町
京都府船井郡和知町,京都府船井郡京丹波町
京都府天田郡三和町,京都府福知山市
京都府天田郡夜久野町,京都府福知山市
京都府加佐郡大江町,京都府福知山市
京都府与謝郡加悦町,京都府与謝郡与謝野町
京都府与謝郡岩滝町,京都府与謝郡与謝野町
京都府与謝郡野田川町,京都府与謝郡与謝野町
京都府中郡峰山町,京都府京丹後市
京都府中郡大宮町,京都府京丹後市
京都府竹野郡網野町,京都府京丹後市
京都府竹野郡丹後町,京都府京丹後市
京都府竹野郡弥栄町,京都府京丹後市
京都府熊野郡久美浜町,京都府京丹後市
大阪府南河内郡美原町,大阪府堺市
兵庫県龍野市,兵庫県たつの市
兵庫県美嚢郡吉川町,兵庫県三木市
兵庫県加東郡社町,兵庫県加東市
兵庫県加東郡滝野町,兵庫県加東市
兵庫県加東郡東条町,兵庫県加東市
兵庫県多可郡中町,兵庫県多可郡多可町
兵庫県多可郡加美町,兵庫県多可郡多可町
兵庫県多可郡八千代町,兵庫県多可郡多可町
兵庫県多可郡黒田庄町,兵庫県西脇市
兵庫県飾磨郡家島町,兵庫県姫路市
兵庫県飾磨郡夢前町,兵庫県姫路市
兵庫県神崎郡神崎町,兵庫県神崎郡神河町
兵庫県神崎郡香寺町,兵庫県姫路市
兵庫県神崎郡大河内町,兵庫県神崎郡神河町
兵庫県揖保郡新宮町,兵庫県たつの市
兵庫県揖保郡揖保川町,兵庫県たつの市
兵庫県揖保郡御津町,兵庫県たつの市
兵庫県佐用郡上月町,兵庫県佐用郡佐用町
兵庫県佐用郡南光町,兵庫県佐用郡佐用町
兵庫県佐用郡三日月町,兵庫県佐用郡佐用町
兵庫県宍粟郡山崎町,兵庫県宍粟市
兵庫県宍粟郡安富町,兵庫県姫路市
兵庫県宍粟郡一宮町,兵庫県宍粟市
兵庫県宍粟郡波賀町,兵庫県宍粟市
兵庫県宍粟郡千種町,兵庫県宍粟市
兵庫県城崎郡城崎町,兵庫県豊岡市
兵庫県城崎郡竹野町,兵庫県豊岡市
兵庫県城崎郡香住町,兵庫県美方郡香美町
兵庫県城崎郡日高町,兵庫県豊岡市
兵庫県出石郡出石町,兵庫県豊岡市
兵庫県出石郡但東町,兵庫県豊岡市
兵庫県美方郡村岡町,兵庫県美方郡香美町
兵庫県美方郡浜坂町,兵庫県美方郡新温泉町
兵庫県美方郡美方町,兵庫県美方郡香美町
兵庫県美方郡温泉町,兵庫県美方郡新温泉町
兵庫県養父郡八鹿町,兵庫県養父市
兵庫県養父郡養父町,兵庫県養父市
兵庫県養父郡大屋町,兵庫県養父市
兵庫県養父郡関宮町,兵庫県養父市
兵庫県朝来郡生野町,兵庫県朝来市
兵庫県朝来郡和田山町,兵庫県朝来市
兵庫県朝来郡山東町,兵庫県朝来市
兵庫県朝来郡朝来町,兵庫県朝来市
兵庫県氷上郡柏原町,兵庫県丹波市
兵庫県氷上郡氷上町,兵庫県丹波市
兵庫県氷上郡青垣町,兵庫県丹波市
兵庫県氷上郡春日町,兵庫県丹波市
兵庫県氷上郡山南町,兵庫県丹波市
兵庫県氷上郡市島町,兵庫県丹波市
兵庫県多紀郡篠山町,兵庫県篠山市
兵庫県多紀郡西紀町,兵庫県篠山市
兵庫県多紀郡丹南町,兵庫県篠山市
兵庫県多紀郡今田町,兵庫県篠山市
兵庫県津名郡津名町,兵庫県淡路市
兵庫県津名郡淡路町,兵庫県淡路市
兵庫県津名郡北淡町,兵庫県淡路市
兵庫県津名郡一宮町,兵庫県淡路市
兵庫県津名郡五色町,兵庫県洲本市
兵庫県津名郡東浦町,兵庫県淡路市
兵庫県三原郡緑町,兵庫県南あわじ市
兵庫県三原郡西淡町,兵庫県南あわじ市
兵庫県三原郡三原町,兵庫県南あわじ市
兵庫県三原郡南淡町,兵庫県南あわじ市
奈良県添上郡月ケ瀬村,奈良県奈良市
奈良県山辺郡都祁村,奈良県奈良市
奈良県宇陀郡大宇陀町,奈良県宇陀市
奈良県宇陀郡菟田野町,奈良県宇陀市
奈良県宇陀郡榛原町,奈良県宇陀市
奈良県宇陀郡室生村,奈良県宇陀市
奈良県北葛城郡新庄町,奈良県葛城市
奈良県北葛城郡當麻町,奈良県葛城市
奈良県吉野郡西吉野村,奈良県五條市
奈良県吉野郡大塔村,奈良県五條市
和歌山県海草郡下津町,和歌山県海南市
和歌山県海草郡野上町,和歌山県海草郡紀美野町
和歌山県海草郡美里町,和歌山県海草郡紀美野町
和歌山県那賀郡打田町,和歌山県紀の川市
和歌山県那賀郡粉河町,和歌山県紀の川市
和歌山県那賀郡那賀町,和歌山県紀の川市
和歌山県那賀郡桃山町,和歌山県紀の川市
和歌山県那賀郡貴志川町,和歌山県紀の川市
和歌山県那賀郡岩出町,和歌山県岩出市
和歌山県伊都郡高野口町,和歌山県橋本市
和歌山県伊都郡花園村,和歌山県伊都郡かつらぎ町
和歌山県有田郡吉備町,和歌山県有田郡有田川町
和歌山県有田郡金屋町,和歌山県有田郡有田川町
和歌山県有田郡清水町,和歌山県有田郡有田川町
和歌山県日高郡川辺町,和歌山県日高郡日高川町
和歌山県日高郡中津村,和歌山県日高郡日高川町
和歌山県日高郡美山村,和歌山県日高郡日高川町
和歌山県日高郡龍神村,和歌山県田辺市
和歌山県日高郡南部川村,和歌山県日高郡みなべ町
和歌山県日高郡南部町,和歌山県日高郡みなべ町
和歌山県西牟婁郡中辺路町,和歌山県田辺市
和歌山県西牟婁郡大塔村,和歌山県田辺市
和歌山県西牟婁郡日置川町,和歌山県西牟婁郡白浜町
和歌山県東牟婁郡古座町,和歌山県西牟婁郡串本町
和歌山県東牟婁郡熊野川町,和歌山県新宮市
和歌山県東牟婁郡本宮町,和歌山県田辺市
鳥取県岩美郡国府町,鳥取県鳥取市
鳥取県岩美郡福部村,鳥取県鳥取市
鳥取県八頭郡郡家町,鳥取県八頭郡八頭町
鳥取県八頭郡船岡町,鳥取県八頭郡八頭町
鳥取県八頭郡河原町,鳥取県鳥取市
鳥取県八頭郡八東町,鳥取県八頭郡八頭町
鳥取県八頭郡用瀬町,鳥取県鳥取市
鳥取県八頭郡佐治村,鳥取県鳥取市
鳥取県気高郡気高町,鳥取県鳥取市
鳥取県気高郡鹿野町,鳥取県鳥取市
鳥取県気高郡青谷町,鳥取県鳥取市
鳥取県東伯郡羽合町,鳥取県東伯郡湯梨浜町
鳥取県東伯郡泊村,鳥取県東伯郡湯梨浜町
鳥取県東伯郡東郷町,鳥取県東伯郡湯梨浜町
鳥取県東伯郡関金町,鳥取県倉吉市
鳥取県東伯郡北条町,鳥取県東伯郡北栄町
鳥取県東伯郡大栄町,鳥取県東伯郡北栄町
鳥取県東伯郡東伯町,鳥取県東伯郡琴浦町
鳥取県東伯郡赤碕町,鳥取県東伯郡琴浦町
鳥取県西伯郡西伯町,鳥取県西伯郡南部町
鳥取県西伯郡会見町,鳥取県西伯郡南部町
鳥取県西伯郡岸本町,鳥取県西伯郡伯耆町
鳥取県西伯郡淀江町,鳥取県米子市
鳥取県西伯郡名和町,鳥取県西伯郡大山町
鳥取県西伯郡中山町,鳥取県西伯郡大山町
鳥取県日野郡溝口町,鳥取県西伯郡伯耆町
島根県平田市,島根県出雲市
島根県八束郡鹿島町,島根県松江市
島根県八束郡島根町,島根県松江市
島根県八束郡美保関町,島根県松江市
島根県八束郡東出雲町,島根県松江市
島根県八束郡八雲村,島根県松江市
島根県八束郡玉湯町,島根県松江市
島根県八束郡宍道町,島根県松江市
島根県八束郡八束町,島根県松江市
島根県能義郡広瀬町,島根県安来市
島根県能義郡伯太町,島根県安来市
島根県仁多郡仁多町,島根県仁多郡奥出雲町
島根県仁多郡横田町,島根県仁多郡奥出雲町
島根県大原郡大東町,島根県雲南市
島根県大原郡加茂町,島根県雲南市
島根県大原郡木次町,島根県雲南市
島根県飯石郡三刀屋町,島根県雲南市
島根県飯石郡吉田村,島根県雲南市
島根県飯石郡掛合町,島根県雲南市
島根県飯石郡頓原町,島根県飯石郡飯南町
島根県飯石郡赤来町,島根県飯石郡飯南町
島根県簸川郡斐川町,島根県出雲市
島根県簸川郡佐田町,島根県出雲市
島根県簸川郡多伎町,島根県出雲市
島根県簸川郡湖陵町,島根県出雲市
島根県簸川郡大社町,島根県出雲市
島根県邇摩郡温泉津町,島根県大田市
島根県邇摩郡仁摩町,島根県大田市
島根県邑智郡邑智町,島根県邑智郡美郷町
島根県邑智郡大和村,島根県邑智郡美郷町
島根県邑智郡羽須美村,島根県邑智郡邑南町
島根県邑智郡瑞穂町,島根県邑智郡邑南町
島根県邑智郡石見町,島根県邑智郡邑南町
島根県邑智郡桜江町,島根県江津市
島根県那賀郡金城町,島根県浜田市
島根県那賀郡旭町,島根県浜田市
島根県那賀郡弥栄村,島根県浜田市
島根県那賀郡三隅町,島根県浜田市
島根県美濃郡美都町,島根県益田市
島根県美濃郡匹見町,島根県益田市
島根県鹿足郡日原町,島根県鹿足郡津和野町
島根県鹿足郡柿木村,島根県鹿足郡吉賀町
島根県鹿足郡六日市町,島根県鹿足郡吉賀町
島根県隠岐郡西郷町,島根県隠岐郡隠岐の島町
島根県隠岐郡布施村,島根県隠岐郡隠岐の島町
島根県隠岐郡五箇村,島根県隠岐郡隠岐の島町
島根県隠岐郡都万村,島根県隠岐郡隠岐の島町
岡山県御津郡御津町,岡山県岡山市
岡山県御津郡建部町,岡山県岡山市
岡山県御津郡加茂川町,岡山県加賀郡吉備中央町
岡山県赤磐郡瀬戸町,岡山県岡山市
岡山県赤磐郡山陽町,岡山県赤磐市
岡山県赤磐郡赤坂町,岡山県赤磐市
岡山県赤磐郡熊山町,岡山県赤磐市
岡山県赤磐郡吉井町,岡山県赤磐市
岡山県和気郡日生町,岡山県備前市
岡山県和気郡吉永町,岡山県備前市
岡山県和気郡佐伯町,岡山県和気郡和気町
岡山県邑久郡牛窓町,岡山県瀬戸内市
岡山県邑久郡邑久町,岡山県瀬戸内市
岡山県邑久郡長船町,岡山県瀬戸内市
岡山県児島郡灘崎町,岡山県岡山市
岡山県都窪郡山手村,岡山県総社市
岡山県都窪郡清音村,岡山県総社市
岡山県浅口郡船穂町,岡山県倉敷市
岡山県浅口郡金光町,岡山県浅口市
岡山県浅口郡鴨方町,岡山県浅口市
岡山県浅口郡寄島町,岡山県浅口市
岡山県小田郡美星町,岡山県井原市
岡山県後月郡芳井町,岡山県井原市
岡山県吉備郡真備町,岡山県倉敷市
岡山県上房郡有漢町,岡山県高梁市
岡山県上房郡北房町,岡山県真庭市
岡山県上房郡賀陽町,岡山県加賀郡吉備中央町
岡山県川上郡成羽町,岡山県高梁市
岡山県川上郡川上町,岡山県高梁市
岡山県川上郡備中町,岡山県高梁市
岡山県阿哲郡大佐町,岡山県新見市
岡山県阿哲郡神郷町,岡山県新見市
岡山県阿哲郡哲多町,岡山県新見市
岡山県阿哲郡哲西町,岡山県新見市
岡山県真庭郡勝山町,岡山県真庭市
岡山県真庭郡落合町,岡山県真庭市
岡山県真庭郡湯原町,岡山県真庭市
岡山県真庭郡久世町,岡山県真庭市
岡山県真庭郡美甘村,岡山県真庭市
岡山県真庭郡川上村,岡山県真庭市
岡山県真庭郡八束村,岡山県真庭市
岡山県真庭郡中和村,岡山県真庭市
岡山県苫田郡加茂町,岡山県津山市
岡山県苫田郡富村,岡山県苫田郡鏡野町
岡山県苫田郡奥津町,岡山県苫田郡鏡野町
岡山県苫田郡上齋原村,岡山県苫田郡鏡野町
岡山県苫田郡阿波村,岡山県津山市
岡山県勝田郡勝田町,岡山県美作市
岡山県勝田郡勝北町,岡山県津山市
岡山県英田郡大原町,岡山県美作市
岡山県英田郡東粟倉村,岡山県美作市
岡山県英田郡美作町,岡山県美作市
岡山県英田郡作東町,岡山県美作市
岡山県英田郡英田町,岡山県美作市
岡山県久米郡中央町,岡山県久米郡美咲町
岡山県久米郡旭町,岡山県久米郡美咲町
岡山県久米郡久米町,岡山県津山市
岡山県久米郡柵原町,岡山県久米郡美咲町
広島県因島市,広島県尾道市
広島県安芸郡江田島町,広島県江田島市
広島県安芸郡音戸町,広島県呉市
広島県安芸郡倉橋町,広島県呉市
広島県安芸郡下蒲刈町,広島県呉市
広島県安芸郡蒲刈町,広島県呉市
広島県佐伯郡大野町,広島県廿日市市
広島県佐伯郡湯来町,広島県広島市
広島県佐伯郡佐伯町,広島県廿日市市
広島県佐伯郡吉和村,広島県廿日市市
広島県佐伯郡宮島町,広島県廿日市市
広島県佐伯郡能美町,広島県江田島市
広島県佐伯郡沖美町,広島県江田島市
広島県佐伯郡大柿町,広島県江田島市
広島県山県郡加計町,広島県山県郡安芸太田町
広島県山県郡筒賀村,広島県山県郡安芸太田町
広島県山県郡戸河内町,広島県山県郡安芸太田町
広島県山県郡芸北町,広島県山県郡北広島町
広島県山県郡大朝町,広島県山県郡北広島町
広島県山県郡千代田町,広島県山県郡北広島町
広島県山県郡豊平町,広島県山県郡北広島町
広島県高田郡吉田町,広島県安芸高田市
広島県高田郡八千代町,広島県安芸高田市
広島県高田郡美土里町,広島県安芸高田市
広島県高田郡高宮町,広島県安芸高田市
広島県高田郡甲田町,広島県安芸高田市
広島県高田郡向原町,広島県安芸高田市
広島県賀茂郡黒瀬町,広島県東広島市
広島県賀茂郡福富町,広島県東広島市
広島県賀茂郡豊栄町,広島県東広島市
広島県賀茂郡大和町,広島県三原市
広島県賀茂郡河内町,広島県東広島市
広島県豊田郡本郷町,広島県三原市
広島県豊田郡安芸津町,広島県東広島市
広島県豊田郡安浦町,広島県呉市
広島県豊田郡川尻町,広島県呉市
広島県豊田郡豊浜町,広島県呉市
広島県豊田郡豊町,広島県呉市
広島県豊田郡大崎町,広島県豊田郡大崎上島町
広島県豊田郡東野町,広島県豊田郡大崎上島町
広島県豊田郡木江町,広島県豊田郡大崎上島町
広島県豊田郡瀬戸田町,広島県尾道市
広島県御調郡御調町,広島県尾道市
広島県御調郡久井町,広島県三原市
広島県御調郡向島町,広島県尾道市
広島県世羅郡甲山町,広島県世羅郡世羅町
広島県世羅郡世羅西町,広島県世羅郡世羅町
広島県沼隈郡内海町,広島県福山市
広島県沼隈郡沼隈町,広島県福山市
広島県深安郡神辺町,広島県福山市
広島県芦品郡新市町,広島県福山市
広島県神石郡油木町,広島県神石郡神石高原町
広島県神石郡神石町,広島県神石郡神石高原町
広島県神石郡豊松村,広島県神石郡神石高原町
広島県神石郡三和町,広島県神石郡神石高原町
広島県甲奴郡上下町,広島県府中市
広島県甲奴郡総領町,広島県庄原市
広島県甲奴郡甲奴町,広島県三次市
広島県双三郡君田村,広島県三次市
広島県双三郡布野村,広島県三次市
広島県双三郡作木村,広島県三次市
広島県双三郡吉舎町,広島県三次市
広島県双三郡三良坂町,広島県三次市
広島県双三郡三和町,広島県三次市
広島県比婆郡西城町,広島県庄原市
広島県比婆郡東城町,広島県庄原市
広島県比婆郡口和町,広島県庄原市
広島県比婆郡高野町,広島県庄原市
広島県比婆郡比和町,広島県庄原市
山口県徳山市,山口県周南市
山口県小野田市,山口県山陽小野田市
山口県新南陽市,山口県周南市
山口県大島郡久賀町,山口県大島郡周防大島町
山口県大島郡大島町,山口県大島郡周防大島町
山口県大島郡東和町,山口県大島郡周防大島町
山口県大島郡橘町,山口県大島郡周防大島町
山口県玖珂郡由宇町,山口県岩国市
山口県玖珂郡玖珂町,山口県岩国市
山口県玖珂郡本郷村,山口県岩国市
山口県玖珂郡周東町,山口県岩国市
山口県玖珂郡錦町,山口県岩国市
山口県玖珂郡大畠町,山口県柳井市
山口県玖珂郡美川町,山口県岩国市
山口県玖珂郡美和町,山口県岩国市
山口県熊毛郡大和町,山口県光市
山口県熊毛郡熊毛町,山口県周南市
山口県都濃郡鹿野町,山口県周南市
山口県佐波郡徳地町,山口県山口市
山口県吉敷郡秋穂町,山口県山口市
山口県吉敷郡小郡町,山口県山口市
山口県吉敷郡阿知須町,山口県山口市
山口県厚狭郡楠町,山口県宇部市
山口県厚狭郡山陽町,山口県山陽小野田市
山口県豊浦郡菊川町,山口県下関市
山口県豊浦郡豊田町,山口県下関市
山口県豊浦郡豊浦町,山口県下関市
山口県豊浦郡豊北町,山口県下関市
山口県美祢郡美東町,山口県美祢市
山口県美祢郡秋芳町,山口県美祢市
山口県大津郡三隅町,山口県長門市
山口県大津郡日置町,山口県長門市
山口県大津郡油谷町,山口県長門市
山口県阿武郡川上村,山口県萩市
山口県阿武郡田万川町,山口県萩市
山口県阿武郡阿東町,山口県山口市
山口県阿武郡むつみ村,山口県萩市
山口県阿武郡須佐町,山口県萩市
山口県阿武郡旭村,山口県萩市
山口県阿武郡福栄村,山口県萩市
徳島県那賀郡那賀川町,徳島県阿南市
徳島県那賀郡羽ノ浦町,徳島県阿南市
徳島県那賀郡鷲敷町,徳島県那賀郡那賀町
徳島県那賀郡相生町,徳島県那賀郡那賀町
徳島県那賀郡上那賀町,徳島県那賀郡那賀町
徳島県那賀郡木沢村,徳島県那賀郡那賀町
徳島県那賀郡木頭村,徳島県那賀郡那賀町
徳島県海部郡由岐町,徳島県海部郡美波町
徳島県海部郡日和佐町,徳島県海部郡美波町
徳島県海部郡海南町,徳島県海部郡海陽町
徳島県海部郡海部町,徳島県海部郡海陽町
徳島県海部郡宍喰町,徳島県海部郡海陽町
徳島県板野郡吉野町,徳島県阿波市
徳島県板野郡土成町,徳島県阿波市
徳島県阿波郡市場町,徳島県阿波市
徳島県阿波郡阿波町,徳島県阿波市
徳島県麻植郡鴨島町,徳島県吉野川市
徳島県麻植郡川島町,徳島県吉野川市
徳島県麻植郡山川町,徳島県吉野川市
徳島県麻植郡美郷村,徳島県吉野川市
徳島県美馬郡脇町,徳島県美馬市
徳島県美馬郡美馬町,徳島県美馬市
徳島県美馬郡半田町,徳島県美馬郡つるぎ町
徳島県美馬郡貞光町,徳島県美馬郡つるぎ町
徳島県美馬郡一宇村,徳島県美馬郡つるぎ町
徳島県美馬郡穴吹町,徳島県美馬市
徳島県美馬郡木屋平村,徳島県美馬市
徳島県三好郡三野町,徳島県三好市
徳島県三好郡三好町,徳島県三好郡東みよし町
徳島県三好郡池田町,徳島県三好市
徳島県三好郡山城町,徳島県三好市
徳島県三好郡井川町,徳島県三好市
徳島県三好郡三加茂町,徳島県三好郡東みよし町
徳島県三好郡東祖谷山村,徳島県三好市
徳島県三好郡西祖谷山村,徳島県三好市
香川県大川郡引田町,香川県東かがわ市
香川県大川郡白鳥町,香川県東かがわ市
香川県大川郡大内町,香川県東かがわ市
香川県大川郡津田町,香川県さぬき市
香川県大川郡大川町,香川県さぬき市
香川県大川郡志度町,香川県さぬき市
香川県大川郡寒川町,香川県さぬき市
香川県大川郡長尾町,香川県さぬき市
香川県小豆郡内海町,香川県小豆郡小豆島町
香川県小豆郡池田町,香川県小豆郡小豆島町
香川県木田郡牟礼町,香川県高松市
香川県木田郡庵治町,香川県高松市
香川県香川郡塩江町,香川県高松市
香川県香川郡香川町,香川県高松市
香川県香川郡香南町,香川県高松市
香川県綾歌郡綾上町,香川県綾歌郡綾川町
香川県綾歌郡綾南町,香川県綾歌郡綾川町
香川県綾歌郡国分寺町,香川県高松市
香川県綾歌郡綾歌町,香川県丸亀市
香川県綾歌郡飯山町,香川県丸亀市
香川県仲多度郡琴南町,香川県仲多度郡まんのう町
香川県仲多度郡満濃町,香川県仲多度郡まんのう町
香川県仲多度郡仲南町,香川県仲多度郡まんのう町
香川県三豊郡高瀬町,香川県三豊市
香川県三豊郡山本町,香川県三豊市
香川県三豊郡三野町,香川県三豊市
香川県三豊郡大野原町,香川県観音寺市
香川県三豊郡豊中町,香川県三豊市
香川県三豊郡詫間町,香川県三豊市
香川県三豊郡仁尾町,香川県三豊市
香川県三豊郡豊浜町,香川県観音寺市
香川県三豊郡財田町,香川県三豊市
愛媛県川之江市,愛媛県四国中央市
愛媛県伊予三島市,愛媛県四国中央市
愛媛県北条市,愛媛県松山市
愛媛県東予市,愛媛県西条市
愛媛県宇摩郡新宮村,愛媛県四国中央市
愛媛県宇摩郡土居町,愛媛県四国中央市
愛媛県宇摩郡別子山村,愛媛県新居浜市
愛媛県周桑郡小松町,愛媛県西条市
愛媛県周桑郡丹原町,愛媛県西条市
愛媛県越智郡朝倉村,愛媛県今治市
愛媛県越智郡玉川町,愛媛県今治市
愛媛県越智郡波方町,愛媛県今治市
愛媛県越智郡大西町,愛媛県今治市
愛媛県越智郡菊間町,愛媛県今治市
愛媛県越智郡吉海町,愛媛県今治市
愛媛県越智郡宮窪町,愛媛県今治市
愛媛県越智郡伯方町,愛媛県今治市
愛媛県越智郡魚島村,愛媛県越智郡上島町
愛媛県越智郡弓削町,愛媛県越智郡上島町
愛媛県越智郡生名村,愛媛県越智郡上島町
愛媛県越智郡岩城村,愛媛県越智郡上島町
愛媛県越智郡上浦町,愛媛県今治市
愛媛県越智郡大三島町,愛媛県今治市
愛媛県越智郡関前村,愛媛県今治市
愛媛県温泉郡重信町,愛媛県東温市
愛媛県温泉郡川内町,愛媛県東温市
愛媛県温泉郡中島町,愛媛県松山市
愛媛県上浮穴郡久万町,愛媛県上浮穴郡久万高原町
愛媛県上浮穴郡面河村,愛媛県上浮穴郡久万高原町
愛媛県上浮穴郡美川村,愛媛県上浮穴郡久万高原町
愛媛県上浮穴郡柳谷村,愛媛県上浮穴郡久万高原町
愛媛県上浮穴郡小田町,愛媛県喜多郡内子町
愛媛県伊予郡広田村,愛媛県伊予郡砥部町
愛媛県伊予郡中山町,愛媛県伊予市
愛媛県伊予郡双海町,愛媛県伊予市
愛媛県喜多郡長浜町,愛媛県大洲市
愛媛県喜多郡五十崎町,愛媛県喜多郡内子町
愛媛県喜多郡肱川町,愛媛県大洲市
愛媛県喜多郡河辺村,愛媛県大洲市
愛媛県西宇和郡保内町,愛媛県八幡浜市
愛媛県西宇和郡瀬戸町,愛媛県西宇和郡伊方町
愛媛県西宇和郡三崎町,愛媛県西宇和郡伊方町
愛媛県西宇和郡三瓶町,愛媛県西予市
愛媛県東宇和郡明浜町,愛媛県西予市
愛媛県東宇和郡宇和町,愛媛県西予市
愛媛県東宇和郡野村町,愛媛県西予市
愛媛県東宇和郡城川町,愛媛県西予市
愛媛県北宇和郡吉田町,愛媛県宇和島市
愛媛県北宇和郡三間町,愛媛県宇和島市
愛媛県北宇和郡広見町,愛媛県北宇和郡鬼北町
愛媛県北宇和郡日吉村,愛媛県北宇和郡鬼北町
愛媛県北宇和郡津島町,愛媛県宇和島市
愛媛県南宇和郡内海村,愛媛県南宇和郡愛南町
愛媛県南宇和郡御荘町,愛媛県南宇和郡愛南町
愛媛県南宇和郡城辺町,愛媛県南宇和郡愛南町
愛媛県南宇和郡一本松町,愛媛県南宇和郡愛南町
愛媛県南宇和郡西海町,愛媛県南宇和郡愛南町
高知県中村市,高知県四万十市
高知県香美郡赤岡町,高知県香南市
高知県香美郡香我美町,高知県香南市
高知県香美郡土佐山田町,高知県香美市
高知県香美郡野市町,高知県香南市
高知県香美郡夜須町,高知県香南市
高知県香美郡香北町,高知県香美市
高知県香美郡吉川村,高知県香南市
高知県香美郡物部村,高知県香美市
高知県土佐郡鏡村,高知県高知市
高知県土佐郡土佐山村,高知県高知市
高知県土佐郡本川村,高知県吾川郡いの町
高知県吾川郡伊野町,高知県吾川郡いの町
高知県吾川郡池川町,高知県吾川郡仁淀川町
高知県吾川郡春野町,高知県高知市
高知県吾川郡吾川村,高知県吾川郡仁淀川町
高知県吾川郡吾北村,高知県吾川郡いの町
高知県高岡郡窪川町,高知県高岡郡四万十町
高知県高岡郡大野見村,高知県高岡郡中土佐町
高知県高岡郡東津野村,高知県高岡郡津野町
高知県高岡郡葉山村,高知県高岡郡津野町
高知県高岡郡仁淀村,高知県吾川郡仁淀川町
高知県幡多郡佐賀町,高知県幡多郡黒潮町
高知県幡多郡大正町,高知県高岡郡四万十町
高知県幡多郡大方町,高知県幡多郡黒潮町
高知県幡多郡十和村,高知県高岡郡四万十町
高知県幡多郡西土佐村,高知県四万十市
福岡県山田市,福岡県嘉麻市
福岡県甘木市,福岡県朝倉市
福岡県前原市,福岡県糸島市
福岡県宗像郡福間町,福岡県福津市
福岡県宗像郡津屋崎町,福岡県福津市
福岡県宗像郡玄海町,福岡県宗像市
福岡県宗像郡大島村,福岡県宗像市
福岡県鞍手郡宮田町,福岡県宮若市
福岡県鞍手郡若宮町,福岡県宮若市
福岡県嘉穂郡稲築町,福岡県嘉麻市
福岡県嘉穂郡碓井町,福岡県嘉麻市
福岡県嘉穂郡嘉穂町,福岡県嘉麻市
福岡県嘉穂郡筑穂町,福岡県飯塚市
福岡県嘉穂郡穂波町,福岡県飯塚市
福岡県嘉穂郡庄内町,福岡県飯塚市
福岡県嘉穂郡頴田町,福岡県飯塚市
福岡県朝倉郡杷木町,福岡県朝倉市
福岡県朝倉郡朝倉町,福岡県朝倉市
福岡県朝倉郡三輪町,福岡県朝倉郡筑前町
福岡県朝倉郡夜須町,福岡県朝倉郡筑前町
福岡県朝倉郡小石原村,福岡県朝倉郡東峰村
福岡県朝倉郡宝珠山村,福岡県朝倉郡東峰村
福岡県糸島郡二丈町,福岡県糸島市
福岡県糸島郡志摩町,福岡県糸島市
福岡県浮羽郡吉井町,福岡県うきは市
福岡県浮羽郡田主丸町,福岡県久留米市
福岡県浮羽郡浮羽町,福岡県うきは市
福岡県三井郡北野町,福岡県久留米市
福岡県三潴郡城島町,福岡県久留米市
福岡県三潴郡三潴町,福岡県久留米市
福岡県八女郡黒木町,福岡県八女市
福岡県八女郡上陽町,福岡県八女市
福岡県八女郡立花町,福岡県八女市
福岡県八女郡矢部村,福岡県八女市
福岡県八女郡星野村,福岡県八女市
福岡県山門郡瀬高町,福岡県みやま市
福岡県山門郡大和町,福岡県柳川市
福岡県山門郡三橋町,福岡県柳川市
福岡県山門郡山川町,福岡県みやま市
福岡県三池郡高田町,福岡県みやま市
福岡県田川郡金田町,福岡県田川郡福智町
福岡県田川郡赤池町,福岡県田川郡福智町
福岡県田川郡方城町,福岡県田川郡福智町
福岡県京都郡犀川町,福岡県京都郡みやこ町
福岡県京都郡勝山町,福岡県京都郡みやこ町
福岡県京都郡豊津町,福岡県京都郡みやこ町
福岡県築上郡椎田町,福岡県築上郡築上町
福岡県築上郡築城町,福岡県築上郡築上町
福岡県築上郡新吉富村,福岡県築上郡上毛町
福岡県築上郡大平村,福岡県築上郡上毛町
佐賀県佐賀郡諸富町,佐賀県佐賀市
佐賀県佐賀郡川副町,佐賀県佐賀市
佐賀県佐賀郡東与賀町,佐賀県佐賀市
佐賀県佐賀郡久保田町,佐賀県佐賀市
佐賀県佐賀郡大和町,佐賀県佐賀市
佐賀県佐賀郡富士町,佐賀県佐賀市
佐賀県神埼郡神埼町,佐賀県神埼市
佐賀県神埼郡千代田町,佐賀県神埼市
佐賀県神埼郡三田川町,佐賀県神埼郡吉野ヶ里町
佐賀県神埼郡東脊振村,佐賀県神埼郡吉野ヶ里町
佐賀県神埼郡脊振村,佐賀県神埼市
佐賀県神埼郡三瀬村,佐賀県佐賀市
佐賀県三養基郡中原町,佐賀県三養基郡みやき町
佐賀県三養基郡北茂安町,佐賀県三養基郡みやき町
佐賀県三養基郡三根町,佐賀県三養基郡みやき町
佐賀県小城郡小城町,佐賀県小城市
佐賀県小城郡三日月町,佐賀県小城市
佐賀県小城郡牛津町,佐賀県小城市
佐賀県小城郡芦刈町,佐賀県小城市
佐賀県東松浦郡浜玉町,佐賀県唐津市
佐賀県東松浦郡七山村,佐賀県唐津市
佐賀県東松浦郡厳木町,佐賀県唐津市
佐賀県東松浦郡相知町,佐賀県唐津市
佐賀県東松浦郡北波多村,佐賀県唐津市
佐賀県東松浦郡肥前町,佐賀県唐津市
佐賀県東松浦郡鎮西町,佐賀県唐津市
佐賀県東松浦郡呼子町,佐賀県唐津市
佐賀県西松浦郡西有田町,佐賀県西松浦郡有田町
佐賀県杵島郡山内町,佐賀県武雄市
佐賀県杵島郡北方町,佐賀県武雄市
佐賀県杵島郡福富町,佐賀県杵島郡白石町
佐賀県杵島郡有明町,佐賀県杵島郡白石町
佐賀県藤津郡塩田町,佐賀県嬉野市
佐賀県藤津郡嬉野町,佐賀県嬉野市
長崎県福江市,長崎県五島市
長崎県西彼杵郡香焼町,長崎県長崎市
長崎県西彼杵郡伊王島町,長崎県長崎市
長崎県西彼杵郡高島町,長崎県長崎市
長崎県西彼杵郡野母崎町,長崎県長崎市
長崎県西彼杵郡三和町,長崎県長崎市
長崎県西彼杵郡多良見町,長崎県諫早市
長崎県西彼杵郡琴海町,長崎県長崎市
長崎県西彼杵郡西彼町,長崎県西海市
長崎県西彼杵郡西海町,長崎県西海市
長崎県西彼杵郡大島町,長崎県西海市
長崎県西彼杵郡崎戸町,長崎県西海市
長崎県西彼杵郡大瀬戸町,長崎県西海市
長崎県西彼杵郡外海町,長崎県長崎市
長崎県北高来郡森山町,長崎県諫早市
長崎県北高来郡飯盛町,長崎県諫早市
長崎県北高来郡高来町,長崎県諫早市
長崎県北高来郡小長井町,長崎県諫早市
長崎県南高来郡有明町,長崎県島原市
長崎県南高来郡国見町,長崎県雲仙市
長崎県南高来郡瑞穂町,長崎県雲仙市
長崎県南高来郡吾妻町,長崎県雲仙市
長崎県南高来郡愛野町,長崎県雲仙市
長崎県南高来郡千々石町,長崎県雲仙市
長崎県南高来郡小浜町,長崎県雲仙市
長崎県南高来郡南串山町,長崎県雲仙市
長崎県南高来郡加津佐町,長崎県南島原市
長崎県南高来郡口之津町,長崎県南島原市
長崎県南高来郡南有馬町,長崎県南島原市
長崎県南高来郡北有馬町,長崎県南島原市
長崎県南高来郡西有家町,長崎県南島原市
長崎県南高来郡有家町,長崎県南島原市
長崎県南高来郡布津町,長崎県南島原市
長崎県南高来郡深江町,長崎県南島原市
長崎県北松浦郡大島村,長崎県平戸市
長崎県北松浦郡生月町,長崎県平戸市
長崎県北松浦郡宇久町,長崎県佐世保市
長崎県北松浦郡田平町,長崎県平戸市
長崎県北松浦郡福島町,長崎県松浦市
長崎県北松浦郡鷹島町,長崎県松浦市
長崎県北松浦郡江迎町,長崎県佐世保市
長崎県北松浦郡鹿町町,長崎県佐世保市
長崎県北松浦郡小佐々町,長崎県佐世保市
長崎県北松浦郡吉井町,長崎県佐世保市
長崎県北松浦郡世知原町,長崎県佐世保市
長崎県南松浦郡富江町,長崎県五島市
長崎県南松浦郡玉之浦町,長崎県五島市
長崎県南松浦郡三井楽町,長崎県五島市
長崎県南松浦郡岐宿町,長崎県五島市
長崎県南松浦郡奈留町,長崎県五島市
長崎県南松浦郡若松町,長崎県南松浦郡新上五島町
長崎県南松浦郡上五島町,長崎県南松浦郡新上五島町
長崎県南松浦郡新魚目町,長崎県南松浦郡新上五島町
長崎県南松浦郡有川町,長崎県南松浦郡新上五島町
長崎県南松浦郡奈良尾町,長崎県南松浦郡新上五島町
長崎県壱岐郡郷ノ浦町,長崎県壱岐市
長崎県壱岐郡勝本町,長崎県壱岐市
長崎県壱岐郡芦辺町,長崎県壱岐市
長崎県壱岐郡石田町,長崎県壱岐市
長崎県下県郡厳原町,長崎県対馬市
長崎県下県郡美津島町,長崎県対馬市
長崎県下県郡豊玉町,長崎県対馬市
長崎県上県郡峰町,長崎県対馬市
長崎県上県郡上県町,長崎県対馬市
長崎県上県郡上対馬町,長崎県対馬市
熊本県本渡市,熊本県天草市
熊本県牛深市,熊本県天草市
熊本県宇土郡三角町,熊本県宇城市
熊本県宇土郡不知火町,熊本県宇城市
熊本県下益城郡城南町,熊本県熊本市
熊本県下益城郡富合町,熊本県熊本市
熊本県下益城郡松橋町,熊本県宇城市
熊本県下益城郡小川町,熊本県宇城市
熊本県下益城郡豊野村,熊本県宇城市
熊本県下益城郡中央町,熊本県下益城郡美里町
熊本県下益城郡砥用町,熊本県下益城郡美里町
熊本県玉名郡岱明町,熊本県玉名市
熊本県玉名郡横島町,熊本県玉名市
熊本県玉名郡天水町,熊本県玉名市
熊本県玉名郡菊水町,熊本県玉名郡和水町
熊本県玉名郡三加和町,熊本県玉名郡和水町
熊本県鹿本郡鹿北町,熊本県山鹿市
熊本県鹿本郡菊鹿町,熊本県山鹿市
熊本県鹿本郡鹿本町,熊本県山鹿市
熊本県鹿本郡鹿央町,熊本県山鹿市
熊本県鹿本郡植木町,熊本県熊本市
熊本県菊池郡七城町,熊本県菊池市
熊本県菊池郡旭志村,熊本県菊池市
熊本県菊池郡合志町,熊本県合志市
熊本県菊池郡泗水町,熊本県菊池市
熊本県菊池郡西合志町,熊本県合志市
熊本県阿蘇郡一の宮町,熊本県阿蘇市
熊本県阿蘇郡阿蘇町,熊本県阿蘇市
熊本県阿蘇郡波野村,熊本県阿蘇市
熊本県阿蘇郡蘇陽町,熊本県上益城郡山都町
熊本県阿蘇郡白水村,熊本県阿蘇郡南阿蘇村
熊本県阿蘇郡久木野村,熊本県阿蘇郡南阿蘇村
熊本県阿蘇郡長陽村,熊本県阿蘇郡南阿蘇村
熊本県上益城郡矢部町,熊本県上益城郡山都町
熊本県上益城郡清和村,熊本県上益城郡山都町
熊本県八代郡坂本村,熊本県八代市
熊本県八代郡千丁町,熊本県八代市
熊本県八代郡鏡町,熊本県八代市
熊本県八代郡竜北町,熊本県八代郡氷川町
熊本県八代郡宮原町,熊本県八代郡氷川町
熊本県八代郡東陽村,熊本県八代市
熊本県八代郡泉村,熊本県八代市
熊本県葦北郡田浦町,熊本県葦北郡芦北町
熊本県球磨郡上村,熊本県球磨郡あさぎり町
熊本県球磨郡免田町,熊本県球磨郡あさぎり町
熊本県球磨郡岡原村,熊本県球磨郡あさぎり町
熊本県球磨郡須恵村,熊本県球磨郡あさぎり町
熊本県球磨郡深田村,熊本県球磨郡あさぎり町
熊本県天草郡大矢野町,熊本県上天草市
熊本県天草郡松島町,熊本県上天草市
熊本県天草郡有明町,熊本県天草市
熊本県天草郡姫戸町,熊本県上天草市
熊本県天草郡龍ケ岳町,熊本県上天草市
熊本県天草郡御所浦町,熊本県天草市
熊本県天草郡倉岳町,熊本県天草市
熊本県天草郡栖本町,熊本県天草市
熊本県天草郡新和町,熊本県天草市
熊本県天草郡五和町,熊本県天草市
熊本県天草郡天草町,熊本県天草市
熊本県天草郡河浦町,熊本県天草市
大分県西国東郡大田村,大分県杵築市
大分県西国東郡真玉町,大分県豊後高田市
大分県西国東郡香々地町,大分県豊後高田市
大分県東国東郡国見町,大分県国東市
大分県東国東郡国東町,大分県国東市
大分県東国東郡武蔵町,大分県国東市
大分県東国東郡安岐町,大分県国東市
大分県速見郡山香町,大分県杵築市
大分県大分郡野津原町,大分県大分市
大分県大分郡挾間町,大分県由布市
大分県大分郡庄内町,大分県由布市
大分県大分郡湯布院町,大分県由布市
大分県北海部郡佐賀関町,大分県大分市
大分県南海部郡上浦町,大分県佐伯市
大分県南海部郡弥生町,大分県佐伯市
大分県南海部郡本匠村,大分県佐伯市
大分県南海部郡宇目町,大分県佐伯市
大分県南海部郡直川村,大分県佐伯市
大分県南海部郡鶴見町,大分県佐伯市
大分県南海部郡米水津村,大分県佐伯市
大分県南海部郡蒲江町,大分県佐伯市
大分県大野郡野津町,大分県臼杵市
大分県大野郡三重町,大分県豊後大野市
大分県大野郡清川村,大分県豊後大野市
大分県大野郡緒方町,大分県豊後大野市
大分県大野郡朝地町,大分県豊後大野市
大分県大野郡大野町,大分県豊後大野市
大分県大野郡千歳村,大分県豊後大野市
大分県大野郡犬飼町,大分県豊後大野市
大分県直入郡荻町,大分県竹田市
大分県直入郡久住町,大分県竹田市
大分県直入郡直入町,大分県竹田市
大分県日田郡前津江村,大分県日田市
大分県日田郡中津江村,大分県日田市
大分県日田郡上津江村,大分県日田市
大分県日田郡大山町,大分県日田市
大分県日田郡天瀬町,大分県日田市
大分県下毛郡三光村,大分県中津市
大分県下毛郡本耶馬溪町,大分県中津市
大分県下毛郡耶馬溪町,大分県中津市
大分県下毛郡山国町,大分県中津市
大分県宇佐郡院内町,大分県宇佐市
大分県宇佐郡安心院町,大分県宇佐市
宮崎県宮崎郡清武町,宮崎県宮崎市
宮崎県宮崎郡田野町,宮崎県宮崎市
宮崎県宮崎郡佐土原町,宮崎県宮崎市
宮崎県南那珂郡北郷町,宮崎県日南市
宮崎県南那珂郡南郷町,宮崎県日南市
宮崎県北諸県郡山之口町,宮崎県都城市
宮崎県北諸県郡高城町,宮崎県都城市
宮崎県北諸県郡山田町,宮崎県都城市
宮崎県北諸県郡高崎町,宮崎県都城市
宮崎県西諸県郡野尻町,宮崎県小林市
宮崎県西諸県郡須木村,宮崎県小林市
宮崎県東諸県郡高岡町,宮崎県宮崎市
宮崎県東臼杵郡東郷町,宮崎県日向市
宮崎県東臼杵郡南郷村,宮崎県東臼杵郡美郷町
宮崎県東臼杵郡西郷村,宮崎県東臼杵郡美郷町
宮崎県東臼杵郡北郷村,宮崎県東臼杵郡美郷町
宮崎県東臼杵郡北方町,宮崎県延岡市
宮崎県東臼杵郡北川町,宮崎県延岡市
宮崎県東臼杵郡北浦町,宮崎県延岡市
鹿児島県川内市,鹿児島県薩摩川内市
鹿児島県串木野市,鹿児島県いちき串木野市
鹿児島県名瀬市,鹿児島県奄美市
鹿児島県大口市,鹿児島県伊佐市
鹿児島県加世田市,鹿児島県南さつま市
鹿児島県国分市,鹿児島県霧島市
鹿児島県鹿児島郡吉田町,鹿児島県鹿児島市
鹿児島県鹿児島郡桜島町,鹿児島県鹿児島市
鹿児島県揖宿郡喜入町,鹿児島県鹿児島市
鹿児島県揖宿郡山川町,鹿児島県指宿市
鹿児島県揖宿郡頴娃町,鹿児島県南九州市
鹿児島県揖宿郡開聞町,鹿児島県指宿市
鹿児島県川辺郡笠沙町,鹿児島県南さつま市
鹿児島県川辺郡大浦町,鹿児島県南さつま市
鹿児島県川辺郡坊津町,鹿児島県南さつま市
鹿児島県川辺郡知覧町,鹿児島県南九州市
鹿児島県川辺郡川辺町,鹿児島県南九州市
鹿児島県日置郡市来町,鹿児島県いちき串木野市
鹿児島県日置郡東市来町,鹿児島県日置市
鹿児島県日置郡伊集院町,鹿児島県日置市
鹿児島県日置郡松元町,鹿児島県鹿児島市
鹿児島県日置郡郡山町,鹿児島県鹿児島市
鹿児島県日置郡日吉町,鹿児島県日置市
鹿児島県日置郡吹上町,鹿児島県日置市
鹿児島県日置郡金峰町,鹿児島県南さつま市
鹿児島県薩摩郡樋脇町,鹿児島県薩摩川内市
鹿児島県薩摩郡入来町,鹿児島県薩摩川内市
鹿児島県薩摩郡東郷町,鹿児島県薩摩川内市
鹿児島県薩摩郡宮之城町,鹿児島県薩摩郡さつま町
鹿児島県薩摩郡鶴田町,鹿児島県薩摩郡さつま町
鹿児島県薩摩郡薩摩町,鹿児島県薩摩郡さつま町
鹿児島県薩摩郡祁答院町,鹿児島県薩摩川内市
鹿児島県薩摩郡里村,鹿児島県薩摩川内市
鹿児島県薩摩郡上甑村,鹿児島県薩摩川内市
鹿児島県薩摩郡下甑村,鹿児島県薩摩川内市
鹿児島県薩摩郡鹿島村,鹿児島県薩摩川内市
鹿児島県出水郡野田町,鹿児島県出水市
鹿児島県出水郡高尾野町,鹿児島県出水市
鹿児島県出水郡東町,鹿児島県出水郡長島町
鹿児島県伊佐郡菱刈町,鹿児島県伊佐市
鹿児島県姶良郡加治木町,鹿児島県姶良市
鹿児島県姶良郡姶良町,鹿児島県姶良市
鹿児島県姶良郡蒲生町,鹿児島県姶良市
鹿児島県姶良郡溝辺町,鹿児島県霧島市
鹿児島県姶良郡横川町,鹿児島県霧島市
鹿児島県姶良郡栗野町,鹿児島県姶良郡湧水町
鹿児島県姶良郡吉松町,鹿児島県姶良郡湧水町
鹿児島県姶良郡牧園町,鹿児島県霧島市
鹿児島県姶良郡霧島町,鹿児島県霧島市
鹿児島県姶良郡隼人町,鹿児島県霧島市
鹿児島県姶良郡福山町,鹿児島県霧島市
鹿児島県曽於郡大隅町,鹿児島県曽於市
鹿児島県曽於郡輝北町,鹿児島県鹿屋市
鹿児島県曽於郡財部町,鹿児島県曽於市
鹿児島県曽於郡末吉町,鹿児島県曽於市
鹿児島県曽於郡松山町,鹿児島県志布志市
鹿児島県曽於郡志布志町,鹿児島県志布志市
鹿児島県曽於郡有明町,鹿児島県志布志市
鹿児島県肝属郡串良町,鹿児島県鹿屋市
鹿児島県肝属郡内之浦町,鹿児島県肝属郡肝付町
鹿児島県肝属郡高山町,鹿児島県肝属郡肝付町
鹿児島県肝属郡吾平町,鹿児島県鹿屋市
鹿児島県肝属郡大根占町,鹿児島県肝属郡錦江町
鹿児島県肝属郡根占町,鹿児島県肝属郡南大隅町
鹿児島県肝属郡田代町,鹿児島県肝属郡錦江町
鹿児島県肝属郡佐多町,鹿児島県肝属郡南大隅町
鹿児島県熊毛郡上屋久町,鹿児島県熊毛郡屋久島町
鹿児島県熊毛郡屋久町,鹿児島県熊毛郡屋久島町
鹿児島県大島郡住用村,鹿児島県奄美市
鹿児島県大島郡笠利町,鹿児島県奄美市
沖縄県石川市,沖縄県うるま市
沖縄県具志川市,沖縄県うるま市
沖縄県平良市,沖縄県宮古島市
沖縄県中頭郡与那城町,沖縄県うるま市
沖縄県中頭郡勝連町,沖縄県うるま市
沖縄県島尻郡豊見城村,沖縄県豊見城市
沖縄県島尻郡東風平町,沖縄県島尻郡八重瀬町
沖縄県島尻郡具志頭村,沖縄県島尻郡八重瀬町
沖縄県島尻郡玉城村,沖縄県南城市
沖縄県島尻郡知念村,沖縄県南城市
沖縄県島尻郡佐敷町,沖縄県南城市
沖縄県島尻郡大里村,沖縄県南城市
沖縄県島尻郡仲里村,沖縄県島尻郡久米島町
沖縄県島尻郡具志川村,沖縄県島尻郡久米島町
沖縄県宮古郡城辺町,沖縄県宮古島市
沖縄県宮古郡下地町,沖縄県宮古島市
沖縄県宮古郡上野村,沖縄県宮古島市
沖縄県宮古郡伊良部町,沖縄県宮古島市
